Year,Position,Cup #,Voyage recovery,Time cup open (date),time cup close (date),cup midpoint (date),days cup open,Day of Year,Mass balance,Digest batch,Sample label,Sample ID,Sr88 sample ppm,Y89 sample ppm,Mo95 sample ppm,Mo98 sample ppm,Ag107 sample ppm,Ag109 sample ppm,Cd111 sample ppm,Cs133 sample ppm,Ba137 sample ppm,Ba138 sample ppm,La139 sample ppm,Ce140 sample ppm,Nd146 sample ppm,Tm169 sample ppm,Yb171 sample ppm,Re185 sample ppm,Re187 sample ppm,Tl205 sample ppm,Pb208 sample ppm,Th232 - ID sample ppm,Th232 sample ppm,Th229 sample ppm,U238 - ID sample ppm,U238 sample ppm,,Na23 sample ppm,Mg24 sample ppm,Al27 sample ppm,P31 sample ppm,S32 sample ppm,Ca42 sample ppm,Sc45 sample ppm,Ti47 sample ppm,Ti49 sample ppm,V51 sample ppm,Cr52 sample ppm,Mn55 sample ppm,Fe56 sample ppm,Co59 sample ppm,Ni60 sample ppm,Cu63 sample ppm,Zn66 sample ppm,Zn68 sample ppm,Sr88 DEMF,Y89 DEMF,Mo95 DEMF,Mo98 DEMF,Ag107 DEMF,Ag109 DEMF,Cd111 DEMF,Cs133 DEMF,Ba137 DEMF,Ba138 DEMF,La139 DEMF,Ce140 DEMF,Nd146 DEMF,Tm169 DEMF,Yb171 DEMF,Re185 DEMF,Re187 DEMF,Tl205 DEMF,Pb208 DEMF,Th232 - ID DEMF,Th232 DEMF,Th229 DEMF,U238 - ID DEMF,U238 DEMF,Na23 DEMF,Mg24 DEMF,Al27 DEMF,P31 DEMF,S32 DEMF,Ca42 DEMF,Sc45 DEMF,Ti47 DEMF,Ti49 DEMF,V51 DEMF,Cr52 DEMF,Mn55 DEMF,Fe56 DEMF,Co59 DEMF,Ni60 DEMF,Cu63 DEMF,Zn66 DEMF,Zn68 DEMF,Sr88 AEMF,Y89 AEMF,Mo95 AEMF,Mo98 AEMF,Ag107 AEMF,Ag109 AEMF,Cd111 AEMF,Cs133 AEMF,Ba137 AEMF,Ba138 AEMF,La139 AEMF,Ce140 AEMF,Nd146 AEMF,Tm169 AEMF,Yb171 AEMF,Re185 AEMF,Re187 AEMF,Tl205 AEMF,Pb208 AEMF,Th232 - ID AEMF,Th232 AEMF,Th229 AEMF,U238 - ID AEFM,U238 AEMF,Na23 AEMF,Mg24 AEMF,Al27 AEMF,P31 AEMF,S32 AEMF,Ca42 AEMF,Sc45 AEMF,Ti47 AEMF,Ti49 AEMF,V51 AEMF,Cr52 AEMF,Mn55 AEMF,Fe56 AEMF,Co59 AEMF,Ni60 AEMF,Cu63 AEMF,Zn66 AEMF,Zn68 AEMF,Lith_Ti_RG_Day,Lith_Al_RG_Day,Lith_Fe_RG_Day,Lith_Th_ID_RG_Day,Lith_Th_ICP_RG_Day,LithAv RandG as % of MF,Lith Av Daily RandG (mg m-2 d-1),LithAv daily linear calib FINAL
2010,47_1000,1,SS1103,19/9/2010,4/10/2010,26/9/2010,15,268.5,91.40974309,4,S98,SAZ_2010_47S_1000m_Cup1,1422.34,1.85,0.79,0.82,2.63,2.6,2.68,0.11,1764.15,1813.34,1.24,1.95,1.1,0.02,0.16,0,0,0.02,3.01,0.15,0.23,0,0.26,0.23,0,1733.53,1888.67,1401.23,1208.89,3165.51,264718.37,0.26,58.78,60.39,3.03,3.62,26.55,837.11,0.73,14.68,62.39,223.78,218.6,0.025168702,3.28E-05,1.40E-05,1.46E-05,4.65E-05,4.60E-05,4.75E-05,1.94E-06,0.031217131,0.03208748,2.19E-05,3.46E-05,1.95E-05,4.01E-07,2.80E-06,2.12E-08,2.10E-08,4.14E-07,5.32E-05,2.62E-06,4.02E-06,0,4.64E-06,4.04E-06,0.030675155,0.033420377,0.024795132,0.021391509,0.056014418,4.684254514,4.59E-06,0.001040041,0.001068615,5.37E-05,6.40E-05,0.000469782,0.014812811,1.30E-05,0.000259711,0.001103954,0.00395991,0.003868261,9.192868574,0.011977072,0.00511476,0.005320354,0.016974691,0.016794497,0.017332688,0.000707329,11.40205719,11.71995224,0.008016988,0.012630014,0.007136937,0.000146426,0.001022593,7.74E-06,7.67E-06,0.000151208,0.019445112,0.000955172,0.001469343,0,0.001696409,0.001476216,11.20410021,12.20679274,9.056421989,7.813248799,20.4592663,1710.923961,0.001674937,0.379874902,0.390311809,0.019596319,0.02338876,0.171587698,5.410379148,0.004731362,0.094859429,0.403219136,1.44635699,1.412882447,0.271141583,0.304208538,0.378105634,0.249058791,0.38312778,1.69892394,0.300628636,0.334145884
2010,47_1000,2,SS1103,4/10/2010,19/10/2010,11/10/2010,15,283.5,90.75877846,4,S99,SAZ_2010_47S_1000m_Cup2,1365.5,1.95,0.77,0.81,3.59,3.55,6.35,0.12,1786.7,1809.33,1.32,2.13,1.18,0.02,0.16,0,0,0.02,2.9,0.16,0.26,0,0.3,0.27,0,1502.11,1650.45,1615.11,1464.73,2858.7,253866.48,0.28,69.47,68.84,3.6,3.7,37.2,968.92,0.76,14.61,48.81,163.76,159.68,0.033716217,4.82E-05,1.89E-05,2.00E-05,8.87E-05,8.78E-05,0.000156696,3.08E-06,0.04411615,0.04467487,3.27E-05,5.25E-05,2.90E-05,5.58E-07,3.98E-06,1.71E-08,1.17E-08,4.78E-07,7.16E-05,4.02E-06,6.35E-06,0,7.37E-06,6.62E-06,0.03708927,0.040751972,0.039879392,0.036166286,0.070585323,6.268326128,6.97E-06,0.001715412,0.001699825,8.89E-05,9.13E-05,0.0009184,0.023923987,1.88E-05,0.000360842,0.001205134,0.004043525,0.003942725,12.31484817,0.017593793,0.006904353,0.007317835,0.03240123,0.032055481,0.057233171,0.001126672,16.11342376,16.31749617,0.01192723,0.019192383,0.010597801,0.000203642,0.001453828,6.24E-06,4.28E-06,0.000174424,0.026164912,0.001468414,0.002321077,0,0.002690824,0.002418029,13.5468559,14.88465792,14.56594785,13.20973613,25.78128934,2289.506118,0.002544198,0.626554078,0.620860953,0.032462765,0.0333309,0.335445474,8.738236268,0.006874692,0.131797613,0.440175067,1.476897548,1.440080384,0.447212657,0.489275533,0.61067372,0.382885531,0.605215555,1.95416745,0.48251186,0.538094366
2010,47_1000,3,SS1103,19/10/2010,3/11/2010,26/10/2010,15,298.5,93.56509489,4,S100,SAZ_2010_47S_1000m_Cup3,1263.25,2.01,0.64,0.66,1.78,1.76,2.89,0.17,1330.52,1351.75,1.42,2.18,1.29,0.02,0.17,0,0,0.02,2.27,0.19,0.3,0,0.35,0.31,0,1271.53,1662.48,2183.26,967.38,2383.14,249674.46,0.38,88.4,87.1,4.63,3.49,41.61,1235.52,0.74,18.76,33.45,46.44,45.02,0.112398309,0.000179149,5.69E-05,5.90E-05,0.000158661,0.000156774,0.000256958,1.48E-05,0.118382899,0.120272158,0.000126343,0.000193608,0.000115179,2.11E-06,1.54E-05,2.18E-07,2.16E-07,2.15E-06,0.000202195,1.65E-05,2.65E-05,0,3.08E-05,2.79E-05,0.11313489,0.147919239,0.19425596,0.086072533,0.212040371,22.21484427,3.35E-05,0.007865384,0.00774959,0.000411709,0.000310879,0.003702139,0.109931034,6.59E-05,0.001669611,0.002976548,0.004132291,0.004005482,41.0534824,0.065434013,0.020764767,0.021532181,0.057950927,0.057261528,0.093853817,0.005414888,43.23935385,43.92940581,0.046146757,0.070715161,0.042069271,0.000770599,0.005626644,7.95E-05,7.90E-05,0.00078652,0.073851688,0.006044609,0.009675471,0,0.011238524,0.010202471,41.32251844,54.02750211,70.9519893,31.43799259,77.44774561,8113.97187,0.01224201,2.872831468,2.830537704,0.150376589,0.113548662,1.352206341,40.15231029,0.024071654,0.60982532,1.0871841,1.509319299,1.463002183,2.050527863,2.383303354,2.806053757,1.57611786,2.522856679,2.477094477,2.204000708,2.440685413
2010,47_1000,4,SS1103,3/11/2010,18/11/2010,10/11/2010,15,313.5,91.58443665,4,S101,SAZ_2010_47S_1000m_Cup4,1435.39,2.27,0.65,0.66,1.24,1.24,8.71,0.14,1167.54,1182.97,1.56,1.98,1.36,0.03,0.17,0,0,0.02,2.1,0.17,0.28,0,0.4,0.36,0,1374.47,1892.42,1931.54,1040.38,2465.99,260992.58,0.39,64.48,67.41,4.38,3.02,31.83,1068.77,0.61,14.83,27.92,42.98,41.3,0.190608831,0.000300879,8.60E-05,8.76E-05,0.000165229,0.000164134,0.001156119,1.87E-05,0.155039974,0.157089417,0.00020703,0.000262736,0.000181082,3.51E-06,2.25E-05,3.05E-07,4.33E-07,2.97E-06,0.000279044,2.23E-05,3.68E-05,0,5.31E-05,4.80E-05,0.182518505,0.251298365,0.256494026,0.138155195,0.327464712,34.6578265,5.23E-05,0.008562507,0.008951432,0.000580974,0.000400724,0.004226172,0.141923956,8.09E-05,0.001969192,0.003707527,0.005707407,0.005484229,69.6198756,0.109896176,0.031396234,0.032004507,0.060350018,0.059949962,0.422272325,0.006814995,56.62835037,57.37690958,0.075617665,0.09596439,0.066140307,0.001282052,0.008202325,0.000111238,0.000158266,0.001085533,0.101920784,0.00815172,0.013426452,0,0.019411408,0.017522935,66.66488407,91.78672788,93.68444305,50.46118491,119.6064861,12658.77113,0.019097426,3.127455578,3.269510668,0.21220064,0.146364469,1.543609167,51.83772494,0.029559718,0.719247475,1.354174305,2.084630376,2.003114805,2.232269757,3.146894816,3.622691739,2.125542197,3.500916389,2.094886474,2.781849627,3.125693175
2010,47_1000,5,SS1103,18/11/2010,3/12/2010,25/11/2010,15,328.5,86.59234298,4,S102,SAZ_2010_47S_1000m_Cup5,1421.45,2.66,0.66,0.69,1.32,1.31,1.51,0.18,1321.99,1341.88,1.86,2.5,1.68,0.03,0.22,0.01,0.01,0.03,2.47,0.22,0.36,0,0.46,0.42,0,1349.18,2101.9,2467.54,1047.07,2562.4,248945.83,0.51,95.23,95.73,5.12,3.81,45.84,1307.63,0.82,18.41,35.27,39.78,38.98,0.141714896,0.000265149,6.55E-05,6.93E-05,0.000131109,0.000130987,0.000150921,1.80E-05,0.131798278,0.133781503,0.000185487,0.000249522,0.000167172,2.98E-06,2.16E-05,5.79E-07,5.16E-07,2.91E-06,0.000246358,2.22E-05,3.54E-05,0,4.60E-05,4.23E-05,0.134509702,0.209553918,0.246007058,0.10439016,0.255463801,24.81918791,5.11E-05,0.009493701,0.00954412,0.000510502,0.000380118,0.004569849,0.130366994,8.15E-05,0.001834998,0.003516682,0.003965974,0.003886275,51.76136572,0.096845672,0.023920529,0.025296694,0.047887446,0.047842991,0.055123909,0.006569641,48.13932096,48.86369397,0.067749062,0.091138067,0.061059586,0.001090108,0.007901351,0.000211541,0.000188626,0.001063049,0.089982243,0.008121921,0.012944068,0,0.016794002,0.015454796,49.12966876,76.53956848,89.85407794,38.12850603,93.30815326,9065.208384,0.018653606,3.467574115,3.485989985,0.18646068,0.13883803,1.669137266,47.61654452,0.029767297,0.670232896,1.284468251,1.44857205,1.41946191,2.47503462,3.018231446,3.327693542,2.117772244,3.375135856,2.742990305,2.734682963,3.049023866
2010,47_1000,6,SS1103,3/12/2010,18/12/2010,10/12/2010,15,343.5,90.63824716,4,S103,SAZ_2010_47S_1000m_Cup6,1854.76,2.83,0.7,0.71,1.64,1.6,9.79,0.23,1508.87,1540.81,1.98,2.91,1.75,0.03,0.22,0.01,0,0.04,3.11,0.26,0.43,0,0.72,0.66,0,1657.28,2588.14,3213.24,1203.33,3055.87,217416.13,0.64,126.79,126.81,6.97,4.68,62.23,1626.26,1.03,22.29,36.08,59.21,57.19,0.169118367,0.000258481,6.38E-05,6.52E-05,0.000149476,0.000145446,0.000893091,2.09E-05,0.13757984,0.140492516,0.000180132,0.000265515,0.000159218,2.93E-06,2.01E-05,4.67E-07,4.20E-07,3.53E-06,0.000283995,2.36E-05,3.95E-05,0,6.56E-05,6.05E-05,0.15111202,0.235988694,0.292986406,0.109720832,0.278637507,19.82420998,5.84E-05,0.011561026,0.01156273,0.00063577,0.000426673,0.005674113,0.148283549,9.43E-05,0.002032019,0.00329007,0.005399126,0.005214981,61.77048346,0.094410364,0.023291301,0.023812173,0.054596017,0.053124322,0.326201493,0.00763586,50.25103671,51.3148916,0.065793224,0.09697928,0.058154282,0.001069483,0.007341522,0.000170482,0.00015337,0.001288311,0.103729042,0.00861549,0.014425689,0,0.023956412,0.022104699,55.19366523,86.19487033,107.0132849,40.07553376,101.7723493,7240.792697,0.021332637,4.222664734,4.223287315,0.232214915,0.155842441,2.072469613,54.16056644,0.034453064,0.742194849,1.201697969,1.972030694,1.90477194,3.01399222,3.594615504,3.78502407,2.246469171,3.761465179,3.46566378,3.160025241,3.538774243
2010,47_1000,7,SS1103,18/12/2010,2/1/2011,25/12/2010,15,358.5,90.433273,4,S104,SAZ_2010_47S_1000m_Cup7,1365.72,2.51,0.8,0.83,1.94,1.95,12.5,0.11,1439.63,1466.66,1.72,2,1.53,0.03,0.2,0,0,0.02,2.18,0.15,0.26,0,0.6,0.56,0,1886.53,2375.38,1668.56,1270.64,3076.44,217392.45,0.47,66.22,61.93,4.31,2.85,23.47,846.5,0.6,13.86,35.73,63.52,62.2,0.084274234,0.000155155,4.91E-05,5.09E-05,0.000119732,0.000120535,0.000771122,6.97E-06,0.088834744,0.090502985,0.000106371,0.000123116,9.43E-05,1.76E-06,1.25E-05,2.59E-07,2.53E-07,1.38E-06,0.000134756,9.51E-06,1.63E-05,0,3.73E-05,3.46E-05,0.116411537,0.1465768,0.102961363,0.078406721,0.189836825,13.41456348,2.90E-05,0.004086126,0.003821309,0.000265935,0.000175666,0.001448106,0.052234716,3.70E-05,0.000855313,0.002204642,0.003919807,0.003837954,30.78116384,0.056670377,0.017924447,0.01859725,0.043732197,0.044025442,0.281652171,0.00254625,32.44689026,33.05621521,0.038852162,0.044968252,0.034460131,0.000644032,0.004552486,9.44E-05,9.25E-05,0.000502389,0.049219747,0.003472296,0.005954528,0,0.013617916,0.012632762,42.51931385,53.53717621,37.60663777,28.63805489,69.33790019,4899.66931,0.01060882,1.492457508,1.395733218,0.097132619,0.06416195,0.528920566,19.07872992,0.013527989,0.312403032,0.805245642,1.431709369,1.401812791,1.065264614,1.263220761,1.333321579,0.905393118,1.552629494,1.850367358,1.141800018,1.303609112
2010,47_1000,8,SS1103,2/1/2011,17/1/2011,9/1/2011,15,8.5,88.09740115,4,S105,SAZ_2010_47S_1000m_Cup8,13609.29,1.92,1.09,1.09,1.65,1.61,10.72,0.08,1045.2,1066.23,1.15,1.42,1.01,0.02,0.16,0,0,0.03,1.82,0.12,0.19,0,0.6,0.55,0,1658.23,2540.27,1233.76,1987.71,8808.67,193421.41,0.35,44.65,42.48,3.2,2.15,14.91,631.49,0.62,11.48,26.76,60.98,59.73,0.776740371,0.000109484,6.24E-05,6.23E-05,9.42E-05,9.19E-05,0.000611743,4.52E-06,0.05965386,0.060854113,6.58E-05,8.10E-05,5.76E-05,1.23E-06,9.03E-06,4.39E-08,-6.33E-09,1.53E-06,0.000103709,6.59E-06,1.08E-05,0,3.43E-05,3.16E-05,0.094642383,0.144983938,0.070416004,0.113447012,0.502748323,11.0393886,2.02E-05,0.002548225,0.002424463,0.000182737,0.000122475,0.000850957,0.036041719,3.56E-05,0.000655289,0.001527364,0.003480315,0.003409039,283.7044205,0.039989093,0.022791403,0.022759666,0.034397365,0.033561283,0.22343906,0.001649352,21.7885723,22.22696463,0.024047013,0.029592127,0.021050806,0.00044829,0.00329672,1.60E-05,-2.31E-06,0.000559371,0.03787955,0.002408672,0.003954279,0,0.01254098,0.011542487,34.56813047,52.95538341,25.71944563,41.43652108,183.6288251,4032.136687,0.007391833,0.930739207,0.885535266,0.066744693,0.044733831,0.310812055,13.16423798,0.012989513,0.239344444,0.557869673,1.271185045,1.24515147,0.664329495,0.863925616,0.919985903,0.62805576,1.031069042,1.347496834,0.769074193,0.869827514
2010,47_1000,9,SS1103,17/1/2011,1/2/2011,24/1/2011,15,23.5,91.23865189,4,S106,SAZ_2010_47S_1000m_Cup9,1889.29,1.78,1.45,1.5,1.18,1.16,6.94,0.08,944.55,962.01,1.14,1.4,1.03,0.02,0.16,0,0,0.04,1.71,0.11,0.18,0,0.47,0.43,0,1684.19,2062.77,1212.43,1393.26,3480.75,216843.38,0.3,45.68,45.11,2.97,1.97,13.26,617.53,0.59,13.24,25.29,44.1,44.15,0.164206064,0.000155061,0.000125812,0.000130583,0.000102624,0.000100387,0.00060353,6.61E-06,0.082094816,0.083612254,9.87E-05,0.000121631,8.95E-05,1.93E-06,1.39E-05,1.74E-07,8.96E-08,3.11E-06,0.00014883,9.53E-06,1.61E-05,0,4.05E-05,3.72E-05,0.146380043,0.179284451,0.105377366,0.121093857,0.302527329,18.84678774,2.57E-05,0.003970403,0.003920703,0.00025854,0.000171542,0.00115287,0.053672488,5.10E-05,0.001150832,0.002198229,0.003832696,0.003837579,59.97626498,0.056635892,0.045952667,0.047695449,0.03748341,0.036666386,0.2204393,0.002414826,29.9851317,30.53937572,0.03604267,0.044425845,0.032679432,0.000703758,0.005059203,6.35E-05,3.27E-05,0.001135678,0.054360006,0.00347963,0.005870186,0,0.014804143,0.013591889,53.46531058,65.48364563,38.48908294,44.22953126,110.498107,6883.789221,0.009391995,1.450189639,1.432036915,0.094431916,0.062655589,0.421085789,19.60387628,0.018610317,0.420341255,0.802903099,1.399892098,1.401675655,1.035095269,1.292862418,1.370021558,0.907305586,1.530637443,1.324662796,1.151321208,1.307154172
2010,47_1000,10,SS1103,1/2/2011,16/2/2011,8/2/2011,15,38.5,89.67571552,4,S107,SAZ_2010_47S_1000m_Cup10,1398.49,2.07,2.91,2.97,0.64,0.63,7.66,0.06,979.65,995.52,1.05,1.23,0.97,0.03,0.24,0,0,0.09,1.73,0.1,0.17,0,0.57,0.52,0,1216.01,2443.81,959.94,1338.53,4847.02,209344.3,0.28,34.19,34.61,4.18,1.93,11.82,512.97,1.07,19.07,20.96,29.29,29.48,0.310773727,0.000460178,0.000645899,0.000659401,0.000141124,0.000139262,0.001702262,1.27E-05,0.217699578,0.221224663,0.000234224,0.00027271,0.000215547,6.65E-06,5.28E-05,5.18E-07,5.20E-07,1.92E-05,0.000383745,2.32E-05,3.74E-05,0,0.000126298,0.000115056,0.270223041,0.543066519,0.213319169,0.297449817,1.077110202,46.5206893,6.18E-05,0.007597727,0.00769165,0.000929141,0.000428444,0.002627302,0.113993089,0.000238622,0.004237114,0.004657505,0.006509024,0.006550868,113.5101036,0.168080089,0.235914616,0.240846368,0.051545562,0.050865464,0.621751131,0.004652202,79.51477068,80.80230823,0.085550446,0.099607188,0.078728607,0.002428324,0.019293077,0.000189148,0.00019,0.007009596,0.140162706,0.008488319,0.01364785,0,0.046130513,0.042024195,98.69896576,198.3550459,77.91482631,108.6435458,393.4145012,16991.68177,0.022585084,2.775069699,2.809374994,0.339368737,0.156489222,0.959621985,41.63597574,0.087156811,1.547606058,1.701153754,2.377421181,2.392704603,1.980748889,2.617187604,2.90974007,2.213309731,3.558645302,1.093617207,2.430246573,2.766580466
2010,47_1000,11,SS1103,16/2/2011,3/3/2011,23/2/2011,15,53.5,97.07064315,4,S108,SAZ_2010_47S_1000m_Cup11,1197.13,2.23,2.03,2.15,0.8,0.79,12.24,0.08,1026.15,1050.16,1.18,1.46,1.09,0.03,0.23,0,0,0.07,1.82,0.11,0.2,0,0.44,0.4,0,1203.62,2156.75,1145.78,1297.43,4091.41,256348.91,0.28,47,44.44,3.74,2.24,15.7,635.67,1.15,16.73,22.37,41.48,40.18,0.145616521,0.00027108,0.000246494,0.000262047,9.74E-05,9.60E-05,0.001488559,9.50E-06,0.124818975,0.127739054,0.000143275,0.000177199,0.000133055,3.83E-06,2.83E-05,2.44E-07,2.95E-07,8.16E-06,0.000221437,1.40E-05,2.38E-05,0,5.32E-05,4.90E-05,0.146405456,0.262342435,0.139370945,0.157816827,0.497670946,31.18179257,3.36E-05,0.005717127,0.005405848,0.000454441,0.000272689,0.001909242,0.07732137,0.000139646,0.0020351,0.002721232,0.005045915,0.004887761,53.18643432,0.099012131,0.090032002,0.095712597,0.035572282,0.035056458,0.543696132,0.003471475,45.59013055,46.65668961,0.052331128,0.064721792,0.048598476,0.001397296,0.010320837,8.91E-05,0.000107792,0.002981769,0.080879931,0.005097317,0.008703717,0,0.019448215,0.017894965,53.47459288,95.82057437,50.90523765,57.64259616,181.774313,11389.14974,0.01228184,2.088180471,1.97448585,0.165984396,0.099599779,0.697350806,28.24163028,0.051005656,0.743320102,0.99393014,1.843020323,1.785254541,1.490471087,1.70992561,1.973673051,1.329113716,2.269474244,1.33658445,1.625795866,1.860885998
2010,47_1000,12,SS1103,3/3/2011,18/3/2011,10/3/2011,15,68.5,93.3954207,4,S109,SAZ_2010_47S_1000m_Cup12,1265.12,2.24,0.89,0.92,0.75,0.73,2.69,0.11,1936.86,1961.51,1.45,1.98,1.32,0.03,0.2,0,0,0.04,2.32,0.16,0.27,0,0.44,0.4,0,1299.28,2327.32,1624.97,1594.19,3973.64,240121.33,0.37,64.27,62.48,9.67,4.91,19.45,886,0.94,17.57,27.61,62.96,62.22,0.043040435,7.64E-05,3.02E-05,3.14E-05,2.55E-05,2.50E-05,9.14E-05,3.63E-06,0.065893851,0.066732557,4.93E-05,6.74E-05,4.49E-05,1.00E-06,6.71E-06,7.73E-08,4.56E-08,1.35E-06,7.91E-05,5.56E-06,9.24E-06,0,1.49E-05,1.37E-05,0.044202809,0.079177573,0.055283101,0.054235948,0.135186985,8.169156494,1.24E-05,0.002186579,0.002125558,0.000329095,0.000167185,0.000661656,0.030142559,3.21E-05,0.000597889,0.000939372,0.002141823,0.002116818,15.72051887,0.02789034,0.011038112,0.011483952,0.009322343,0.009115021,0.033373001,0.001325171,24.06772906,24.37406657,0.018015571,0.02462843,0.01639534,0.000366551,0.00245017,2.82E-05,1.67E-05,0.000492634,0.028880157,0.002030462,0.003373695,0,0.005442073,0.004992627,16.14507609,28.9196084,20.19215267,19.80967988,49.3770462,2983.78441,0.004540938,0.798648087,0.776359992,0.120201946,0.061064468,0.241669921,11.00956979,0.011714671,0.218379011,0.343105647,0.782300841,0.773167622,0.570047416,0.678261817,0.769406404,0.529438319,0.879683245,1.871753859,0.636788489,0.72434972
2010,47_1000,13,SS1103,18/3/2011,2/4/2011,25/3/2011,15,83.5,93.34020999,4,S110,SAZ_2010_47S_1000m_Cup13,1270.4,2.28,1.07,1.09,0.53,0.52,3.77,0.1,1716.95,1752.26,1.42,1.92,1.3,0.03,0.21,0,0,0.03,2.38,0.16,0.26,0,0.59,0.54,0,1284.89,2870.88,1487.25,2211.05,5063.52,218659.02,0.28,55.72,58.51,8.98,3.67,15.12,865.89,1,21.65,26.78,90.78,91.57,0.047307317,8.50E-05,3.99E-05,4.05E-05,1.97E-05,1.95E-05,0.000140365,3.68E-06,0.063935976,0.065250652,5.28E-05,7.13E-05,4.83E-05,1.19E-06,7.94E-06,5.05E-08,4.78E-08,1.14E-06,8.86E-05,5.81E-06,9.74E-06,0,2.19E-05,2.01E-05,0.047846674,0.106906237,0.055382504,0.082335166,0.188555768,8.142445535,1.04E-05,0.002074791,0.002178962,0.000334278,0.000136628,0.000562896,0.032244188,3.72E-05,0.000806106,0.000997131,0.003380448,0.003409871,17.27899767,0.03104678,0.014564363,0.014791142,0.007209094,0.00712371,0.051268308,0.00134496,23.35261523,23.8328007,0.019287092,0.02604741,0.017640216,0.000435797,0.002900304,1.84E-05,1.75E-05,0.000416671,0.032348024,0.002123806,0.003558098,0,0.008012378,0.007338876,17.47599773,39.04750306,20.22845955,30.07291936,68.86999419,2974.028232,0.003786243,0.757817532,0.795865754,0.122094885,0.049903539,0.205597828,11.7771895,0.013574599,0.294430062,0.364201983,1.234708562,1.245455262,0.540903977,0.679481378,0.82305169,0.553777528,0.927765893,1.743654285,0.649303643,0.742800734
2010,47_1000,14,SS1103,2/4/2011,17/4/2011,9/4/2011,15,98.5,93.14700871,4,S111,SAZ_2010_47S_1000m_Cup14,1127.5,2.31,1.09,1.14,1.17,1.17,2.6,0.11,1474.89,1510.43,1.46,2.07,1.36,0.03,0.22,0,0,0.03,2.24,0.16,0.28,0,0.49,0.46,0,1008.51,2091.18,1575.11,2234.41,4449.02,214157.66,0.3,54.33,52.6,7.68,3.32,16.39,1000.44,0.94,21.41,28.95,94.57,94.45,0.034028965,6.97E-05,3.29E-05,3.45E-05,3.55E-05,3.52E-05,7.84E-05,3.20E-06,0.044513576,0.045586157,4.41E-05,6.25E-05,4.11E-05,9.45E-07,6.56E-06,6.63E-09,-1.46E-08,9.92E-07,6.76E-05,4.79E-06,8.40E-06,0,1.49E-05,1.39E-05,0.030437731,0.063113782,0.047538244,0.067436758,0.134275749,6.463482275,9.06E-06,0.001639775,0.001587628,0.000231642,0.00010016,0.000494516,0.030194083,2.83E-05,0.00064609,0.000873768,0.002854361,0.002850647,12.4290796,0.025459484,0.012030788,0.012600571,0.012948771,0.01284717,0.028624944,0.001167646,16.25858354,16.65034387,0.016110146,0.02281122,0.015029295,0.000345137,0.002396559,2.42E-06,-5.35E-06,0.000362496,0.024682925,0.00174988,0.003068964,0,0.005436061,0.005084136,11.1173811,23.05230899,17.3633437,24.63127591,49.04421732,2360.786901,0.003307905,0.598927907,0.579881031,0.084607115,0.036583521,0.180622138,11.0283888,0.010325014,0.235984493,0.319143666,1.042555308,1.041198756,0.42749405,0.583241086,0.770721575,0.456277196,0.800225289,1.853597824,0.559433477,0.6454205
2010,47_1000,17,SS1103,17/5/2011,1/6/2011,24/5/2011,15,143.5,94.50168126,4,S112,SAZ_2010_47S_1000m_Cup17,946.95,2.08,0.75,0.82,1.4,1.42,5.03,0.1,1110.39,1143.6,1.31,2.01,1.23,0.03,0.2,0,0,0.02,2.42,0.15,0.26,0,0.3,0.28,0,914.41,1521.43,1593.5,1061.13,2476.5,187355.53,0.29,66.1,62.95,5.15,4.28,31.39,855.6,0.87,22.33,59.79,60.66,58.25,0.011890079,2.61E-05,9.46E-06,1.03E-05,1.76E-05,1.78E-05,6.32E-05,1.32E-06,0.013942253,0.014359209,1.64E-05,2.52E-05,1.54E-05,3.47E-07,2.49E-06,-1.45E-10,-5.69E-09,2.88E-07,3.04E-05,1.91E-06,3.31E-06,0,3.81E-06,3.52E-06,0.011481519,0.019103416,0.020008242,0.013323766,0.031095455,2.352471762,3.58E-06,0.000829906,0.000790425,6.47E-05,5.38E-05,0.000394158,0.010743034,1.09E-05,0.000280346,0.000750728,0.000761638,0.000731371,4.342851416,0.009520946,0.003453857,0.003753264,0.006437997,0.006509249,0.023090095,0.000481385,5.092408083,5.244701018,0.005999562,0.009202423,0.005619965,0.000126615,0.000910138,-5.29E-08,-2.08E-06,0.000105264,0.011096682,0.00069624,0.001209793,0,0.001390376,0.0012875,4.193624796,6.977522675,7.308010237,4.866505695,11.35761477,859.2403109,0.001308106,0.303123344,0.288702648,0.023636028,0.019651134,0.143966142,3.923893285,0.00397844,0.102396474,0.274203253,0.278188396,0.267133423,0.216358972,0.245478745,0.274222216,0.181542868,0.315450801,1.826992835,0.2294007,0.262877683
2010,47_1000,18,SS1103,1/6/2011,16/6/2011,8/6/2011,15,158.5,93.19131207,4,S113,SAZ_2010_47S_1000m_Cup18,1297.44,2.67,1.11,1.16,1.31,1.32,6.84,0.1,1235.82,1248.72,1.58,2.23,1.46,0.04,0.27,0,0,0.03,2.4,0.17,0.31,0,0.39,0.37,0,907.6,1916.61,1550.36,1255.87,3897.89,250072.52,0.35,60.87,62.3,6.93,3.9,22.93,877.49,1.24,27.87,48.68,66.53,66.84,0.047829923,9.85E-05,4.10E-05,4.29E-05,4.84E-05,4.85E-05,0.000252043,3.68E-06,0.045558244,0.046033902,5.81E-05,8.22E-05,5.40E-05,1.37E-06,1.00E-05,-1.76E-08,-2.60E-08,1.11E-06,8.86E-05,6.39E-06,1.14E-05,0,1.44E-05,1.38E-05,0.033458304,0.070655483,0.05715362,0.046297223,0.143694665,9.218863895,1.29E-05,0.00224398,0.002296565,0.000255327,0.00014378,0.000845382,0.03234844,4.56E-05,0.001027396,0.001794577,0.002452779,0.002464006,17.46987938,0.035976659,0.01496462,0.0156625,0.017683089,0.017716352,0.092058765,0.001344233,16.64014845,16.81388258,0.021215532,0.0300199,0.01971607,0.000500908,0.00365767,-6.42E-06,-9.50E-06,0.000406988,0.032363992,0.002335072,0.004164448,0,0.005250364,0.005032558,12.2206455,25.80691501,20.87535972,16.91006079,52.48447625,3367.190037,0.004726665,0.81961364,0.838820323,0.093258204,0.052515747,0.30877574,11.81526761,0.016668881,0.375256248,0.655469156,0.895877503,0.899978034,0.585011903,0.701210992,0.825712787,0.608864639,1.085870282,1.845122674,0.680200081,0.799451491
2010,47_1000,19,SS1103,16/6/2011,1/7/2011,23/6/2011,15,173.5,96.89146496,4,S114,SAZ_2010_47S_1000m_Cup19,772.83,1.43,0.55,0.55,0.83,0.81,1.6,0.04,546,556.75,0.83,1.21,0.77,0.02,0.16,0,0,0.01,2.05,0.08,0.15,0,0.2,0.19,0,611.01,1118.87,697.23,907.77,2368.2,156441.38,0.14,28.62,32.89,4.09,3.58,8.76,395.86,0.73,15.22,55.99,55.07,55,0.005272892,9.73E-06,3.75E-06,3.76E-06,5.65E-06,5.49E-06,1.09E-05,2.95E-07,0.003725314,0.003798609,5.68E-06,8.27E-06,5.27E-06,1.37E-07,1.08E-06,-1.15E-08,-1.26E-08,9.61E-08,1.40E-05,5.70E-07,9.91E-07,0,1.34E-06,1.27E-06,0.004168858,0.007633863,0.00475708,0.006193566,0.016157861,1.067377166,9.41E-07,0.000195265,0.00022439,2.79E-05,2.44E-05,5.98E-05,0.002700878,4.99E-06,0.000103851,0.000382002,0.000375743,0.000375289,1.925923923,0.003555156,0.00136912,0.001373676,0.002063476,0.002006752,0.003991634,0.000107753,1.360670799,1.387441764,0.002075777,0.003019126,0.001926564,5.01E-05,0.000394562,-4.19E-06,-4.60E-06,3.51E-05,0.005115861,0.000208082,0.000361985,0,0.000488852,0.000464271,1.522675275,2.788268327,1.737523452,2.262200053,5.901658898,389.85951,0.000343761,0.071320669,0.081958344,0.010181377,0.008928667,0.021838488,0.986495561,0.00182405,0.037931456,0.139526306,0.137240035,0.13707442,0.05090623,0.05836405,0.068941477,0.054256827,0.094386829,0.851800717,0.058117146,0.068149647
2010,47_1000,20,SS1103,1/7/2011,16/7/2011,8/7/2011,15,188.5,89.53196143,4,S115,SAZ_2010_47S_1000m_Cup20,1043.5,2.09,0.82,0.85,0.84,0.84,2.85,0.09,1017.6,1029.52,1.26,1.85,1.18,0.03,0.23,0,0,0.02,2.45,0.14,0.25,0,0.28,0.27,0,1086.27,1685.52,1423.02,1229.95,3192.23,226710.1,0.28,54.54,52.79,4.85,4.05,21.74,767.41,0.81,33.06,43.33,52.94,53.09,0.012832035,2.57E-05,1.01E-05,1.05E-05,1.03E-05,1.04E-05,3.51E-05,1.07E-06,0.012513572,0.012660135,1.55E-05,2.27E-05,1.45E-05,3.60E-07,2.77E-06,4.85E-08,3.55E-08,2.75E-07,3.01E-05,1.77E-06,3.13E-06,0,3.49E-06,3.38E-06,0.013358054,0.02072707,0.017499064,0.015124818,0.039255358,2.787886443,3.45E-06,0.00067074,0.000649112,5.96E-05,4.98E-05,0.000267317,0.009437007,9.99E-06,0.00040659,0.00053285,0.000650951,0.000652903,4.686900742,0.009390392,0.003685128,0.003823007,0.003768691,0.003786709,0.012818564,0.000390918,4.570582355,4.624114378,0.005678628,0.008308512,0.005305989,0.000131612,0.001011635,1.77E-05,1.30E-05,0.000100276,0.010982528,0.000647819,0.001143507,0,0.001275808,0.001233076,4.879029047,7.570562391,6.391533147,5.524339597,14.33801935,1018.275523,0.001261018,0.244987647,0.237088332,0.021783046,0.018173907,0.097637618,3.446866853,0.003650397,0.148506854,0.194623444,0.237759708,0.238472866,0.174863719,0.214693944,0.24088511,0.168917204,0.298166917,1.625092889,0.199839994,0.232152422
2010,47_1000,21,SS1103,16/7/2011,31/7/2011,23/7/2011,15,203.5,95.15888517,4,S116,SAZ_2010_47S_1000m_Cup21,1214.56,2.33,0.88,0.9,1.01,1.01,4.12,0.1,1326.68,1353.75,1.42,2.06,1.33,0.03,0.23,0,0,0.02,2.64,0.16,0.28,0,0.44,0.42,0,1194.47,1960.11,1484.72,1884.21,3342.49,256915.84,0.35,63.58,62.98,5.34,2.84,32.88,872.59,0.94,20.87,39.68,66.76,64.48,0.061095942,0.00011721,4.44E-05,4.54E-05,5.09E-05,5.09E-05,0.000207492,4.82E-06,0.066735666,0.068097273,7.15E-05,0.000103438,6.68E-05,1.62E-06,1.17E-05,2.14E-09,-4.06E-08,1.09E-06,0.000132681,8.12E-06,1.43E-05,0,2.21E-05,2.11E-05,0.060085419,0.098598975,0.074685779,0.094781107,0.168136961,12.92360067,1.76E-05,0.003198484,0.003167921,0.000268695,0.000142694,0.00165405,0.043893775,4.74E-05,0.001049722,0.001995861,0.003358315,0.00324362,22.31529267,0.042810844,0.016223208,0.016592081,0.018607386,0.01859749,0.075786278,0.001760693,24.37520195,24.87252893,0.026125195,0.037780678,0.024413085,0.000590197,0.004266329,7.80E-07,-1.48E-05,0.000399462,0.048461796,0.002965042,0.005228098,0,0.008058965,0.007701345,21.94619939,36.01327549,27.27898077,34.61879935,61.41202495,4720.345145,0.006430084,1.168246424,1.157083072,0.098140872,0.052119035,0.604141762,16.03220125,0.017330726,0.383410944,0.728988129,1.226624602,1.184732342,0.833853942,0.916310973,1.120414199,0.77312792,1.363214486,1.810884729,0.910926758,1.0584484
2011,47_1000,2,SS1203,26/8/2011,11/9/2011,3/9/2011,16,245,94.47163841,3,S79,SAZ_2011_47S_1000m_Cup2,1094.47,0.83,0.28,0.28,1.54,1.52,1.1,0.09,556.64,568.93,0.69,1.27,0.65,0.01,0.08,0,0,0.02,4.35,0.1,0.21,0,0.18,0.2,0,2635.29,2066.56,1307,1392.48,2023.58,312416.48,0.25,50.27,45.15,2.69,18.71,20.82,804.14,0.41,7.02,24.52,86.38,79.23,0.01483983,1.13E-05,3.76E-06,3.77E-06,2.09E-05,2.06E-05,1.49E-05,1.21E-06,0.007547438,0.007714047,9.39E-06,1.72E-05,8.80E-06,1.57E-07,1.10E-06,1.04E-08,1.48E-08,2.47E-07,5.90E-05,1.32E-06,2.91E-06,0,2.41E-06,2.78E-06,0.035731751,0.028020404,0.017721474,0.018880552,0.027437576,4.236032746,3.40E-06,0.000681659,0.0006122,3.65E-05,0.000253704,0.000282287,0.010903335,5.61E-06,9.52E-05,0.000332531,0.001171262,0.001074223,5.420247856,0.004123902,0.001372483,0.001375387,0.007628847,0.007533325,0.005433779,0.000441466,2.756701687,2.81755562,0.003429109,0.006283472,0.003215152,5.74E-05,0.000403387,3.79E-06,5.41E-06,9.04E-05,0.021550525,0.000483515,0.001062036,0,0.000879785,0.001013953,13.05102196,10.23445254,6.472768344,6.896121603,10.02157446,1547.21096,0.00124114,0.248976013,0.223606223,0.013316921,0.092665322,0.10310529,3.982443154,0.002050495,0.034774506,0.121457121,0.42780342,0.392359938,0.177710477,0.217422664,0.278313987,0.126075358,0.276923494,1.47416236,0.199880621,0.237592656
2011,47_1000,3,SS1203,11/9/2011,27/9/2011,19/9/2011,16,261,91.35992717,3,S80,SAZ_2011_47S_1000m_Cup3,1029.75,1.26,0.36,0.4,1.12,1.1,4.01,0.16,816.93,830.23,1.09,1.84,1.05,0.02,0.12,0,0,0.03,3.69,0.17,0.36,0,0.24,0.28,0,2034.62,2462.44,2408.46,1582.59,2945.74,264211.88,0.44,80.45,75.81,4.63,9.88,17.96,1350.52,0.5,9.14,16.84,98.16,93.21,0.050260924,6.14E-05,1.74E-05,1.94E-05,5.45E-05,5.37E-05,0.000195601,7.79E-06,0.039873699,0.040522853,5.32E-05,8.99E-05,5.11E-05,7.86E-07,5.97E-06,-1.14E-07,-1.05E-07,1.38E-06,0.000179933,8.08E-06,1.74E-05,0,1.16E-05,1.35E-05,0.099307744,0.120188876,0.117554285,0.077244361,0.143778389,12.89589864,2.14E-05,0.003926876,0.003700218,0.000226008,0.000482451,0.000876616,0.065917569,2.45E-05,0.000446294,0.000822108,0.004791263,0.004549344,18.35780248,0.022441059,0.006340404,0.007074556,0.019922639,0.019606674,0.071443383,0.002845367,14.56386873,14.80097195,0.019425882,0.032842531,0.018654558,0.00028724,0.002181335,-4.17E-05,-3.85E-05,0.000505205,0.065720546,0.00295184,0.00636068,0,0.004248397,0.004935462,36.27215348,43.89898681,42.93670275,28.21350276,52.51505661,4710.22698,0.007814622,1.434291431,1.351504597,0.082549439,0.176215071,0.320184057,24.07639222,0.008956824,0.163008783,0.300274936,1.750008904,1.661647921,1.023747678,1.442259599,1.682584398,0.769685431,1.658532538,2.519148263,1.229569276,1.451781053
2011,47_1000,4,SS1203,27/9/2011,13/10/2011,5/10/2011,16,277,90.49630571,3,S81,SAZ_2011_47S_1000m_Cup4,1166.43,1.92,0.48,0.5,1.06,1.06,5.64,0.18,1165.85,1184.44,1.38,2.22,1.39,0.02,0.18,0,0,0.04,3.34,0.2,0.45,0,0.32,0.38,0,5433.03,2915.05,2788.77,854.14,2846.81,259184.41,0.46,104.16,95.52,5.71,7.09,36.1,1556.86,0.7,15.07,23.99,38.2,36.84,0.13659105,0.000224465,5.60E-05,5.85E-05,0.000124072,0.000124529,0.000660989,2.15E-05,0.136523065,0.138699704,0.000162161,0.000260049,0.00016308,2.88E-06,2.13E-05,-2.15E-07,-2.10E-07,4.31E-06,0.000391407,2.38E-05,5.23E-05,0,3.79E-05,4.40E-05,0.63621801,0.341357468,0.326570499,0.100021285,0.33336638,30.35095684,5.37E-05,0.012196847,0.01118515,0.000668602,0.000830107,0.004227742,0.182310819,8.20E-05,0.001765231,0.002809673,0.004472809,0.00431426,49.88988112,0.08198572,0.020451202,0.021380155,0.045317473,0.045484156,0.241426227,0.007846302,49.86504941,50.66006677,0.059229413,0.094982936,0.059564812,0.001052949,0.007789385,-7.86E-05,-7.68E-05,0.001573326,0.142961241,0.008698908,0.019105541,0,0.013834046,0.016070689,232.3786281,124.6808154,119.2798747,36.53277439,121.7620704,11085.68699,0.019603558,4.454898293,4.085376111,0.244206989,0.303196541,1.544182637,66.5890265,0.029954171,0.644750519,1.026233229,1.633693489,1.575783312,3.179752512,4.006654755,4.653589958,2.268220214,4.981725763,3.011956084,3.52705436,4.205430747
2011,47_1000,5,SS1203,13/10/2011,29/10/2011,21/10/2011,16,293,92.16924197,3,S82,SAZ_2011_47S_1000m_Cup5,1256.6,1.75,0.42,0.45,0.62,0.62,2.79,0.1,973.6,986.58,1.21,1.56,1.2,0.03,0.17,0,0,0.03,2.27,0.14,0.31,0,0.35,0.4,0,2600.58,2452.12,1738.11,1020.77,2676.2,287192.45,0.35,59.91,55.96,3.98,4.32,22.92,893.19,0.47,11.89,17,31.35,29.07,0.215089658,0.000298901,7.25E-05,7.73E-05,0.000106382,0.000105643,0.000477593,1.65E-05,0.166648378,0.168871012,0.000207322,0.000267391,0.00020557,4.28E-06,2.99E-05,-6.56E-07,-4.90E-07,4.65E-06,0.000389387,2.38E-05,5.24E-05,0,6.03E-05,6.91E-05,0.445136037,0.419723298,0.297508316,0.174723721,0.458079296,49.15811592,6.06E-05,0.010254287,0.009579385,0.000681393,0.00073904,0.003922857,0.152885676,8.04E-05,0.002035971,0.002909178,0.005366213,0.00497643,78.56149756,0.109173542,0.026488439,0.028235036,0.038856144,0.038585952,0.174440928,0.006021416,60.86832018,61.68013697,0.075724449,0.097664661,0.075084352,0.001563252,0.010910599,-0.000239475,-0.000179093,0.001698348,0.14222378,0.008675385,0.019122498,0,0.022034535,0.025224328,162.5859374,153.3039347,108.6649124,63.81783926,167.3134628,17955.00184,0.022149289,3.745378467,3.498870328,0.248878749,0.269934405,1.43282353,55.8414931,0.029367268,0.743638406,1.062577228,1.960009411,1.817640885,2.67332177,3.650094279,3.90249603,2.26208656,4.986147273,1.823940377,3.12199966,3.803014838
2011,47_1000,6,SS1203,29/10/2011,14/11/2011,6/11/2011,16,309,91.5130899,3,S83,SAZ_2011_47S_1000m_Cup6,1380.06,2.44,0.51,0.52,0.65,0.64,7.15,0.1,1156.25,1185.3,1.61,2.01,1.66,0.03,0.23,0,0,0.03,2.6,0.16,0.35,0,0.45,0.51,0,2052.98,2643.21,1906.71,1160.63,2804.3,282297.53,0.42,67.11,64.99,4.8,5.46,26.05,1042.82,0.48,13.07,24.28,47.37,42.77,0.168206659,0.000297985,6.21E-05,6.37E-05,7.98E-05,7.81E-05,0.000871133,1.21E-05,0.140928644,0.144468801,0.000195754,0.000244428,0.000202438,4.01E-06,2.81E-05,-3.67E-07,-3.06E-07,3.18E-06,0.000316924,1.99E-05,4.22E-05,0,5.49E-05,6.27E-05,0.250225625,0.322164233,0.2323974,0.141462598,0.341799267,34.40753235,5.14E-05,0.00818,0.007920979,0.000585437,0.000665357,0.00317544,0.127103566,5.81E-05,0.001593481,0.002958991,0.005773117,0.005213118,61.43748204,0.10883887,0.022674279,0.023273486,0.02914898,0.028510137,0.318181334,0.004415947,51.47418711,52.76722953,0.071499171,0.089277204,0.073940299,0.00146421,0.010268126,-0.000133968,-0.000111636,0.00116111,0.115756565,0.007272649,0.015427836,0,0.020034741,0.022909765,91.39490938,117.6704862,84.88315029,51.66921389,124.8421822,12567.35119,0.018778266,2.987744834,2.893137717,0.21383069,0.243021638,1.159829579,46.42457743,0.021231052,0.582019009,1.080771539,2.108630986,1.904091505,2.132549054,2.851256163,3.244392638,1.896326373,4.022772597,2.076673345,2.531131057,3.062742613
2011,47_1000,7,SS1203,14/11/2011,30/11/2011,22/11/2011,16,325,91.98279358,3,S84,SAZ_2011_47S_1000m_Cup7+8,1876.24,2.12,0.37,0.39,0.99,0.98,13.17,0.09,1425.22,1453.39,1.53,2.02,1.52,0.03,0.18,0,0,0.02,2.93,0.15,0.32,0,0.45,0.52,0,2304.84,2664.08,1782.3,2178.33,2928.99,261201.16,0.44,59.17,56.3,3.7,8.31,21.21,959.32,0.5,10.57,23.56,73.9,67.04,0.093960988,0.000106352,1.85E-05,1.94E-05,4.96E-05,4.92E-05,0.000659747,4.29E-06,0.071374419,0.07278499,7.68E-05,0.000101285,7.60E-05,1.30E-06,9.03E-06,-1.88E-07,-1.31E-07,1.04E-06,0.000146889,7.45E-06,1.62E-05,0,2.25E-05,2.60E-05,0.11542529,0.133415731,0.089256507,0.109089554,0.146682007,13.08081419,2.20E-05,0.002963197,0.002819696,0.000185293,0.00041631,0.001061973,0.048042466,2.48E-05,0.000529309,0.001179624,0.003701077,0.003357121,34.31925093,0.038845053,0.006762839,0.007097456,0.01811395,0.017956903,0.240972643,0.001568686,26.06950672,26.58471742,0.028059669,0.036994397,0.02775539,0.000476495,0.003299773,-6.85E-05,-4.80E-05,0.000378341,0.0536512,0.002720882,0.005915142,0,0.008230954,0.009481716,42.15908717,48.73009564,32.60093933,39.84495957,53.57560315,4777.767383,0.008037954,1.08230762,1.029894058,0.067678357,0.152057241,0.387885701,17.54751072,0.009069467,0.193330278,0.430857701,1.351818211,1.226188599,0.772513792,1.095077514,1.226311961,0.709463762,1.542359533,1.570526735,0.950841757,1.1590657
2011,47_1000,9,SS1203,16/12/2011,1/1/2012,24/12/2011,16,357,86.80517291,3,S85,SAZ_2011_47S_1000m_Cup9,6095.53,1.89,0.76,0.79,0.62,0.59,13.06,0.05,1003.99,1018.41,1.18,1.33,1.18,0.02,0.16,0,0,0.02,2.03,0.1,0.23,0,0.56,0.65,0,3261.53,3788.9,1288.52,3489.4,6950.58,197009.62,0.43,34.02,30.87,4.52,3.79,12.52,545.16,0.31,10.26,20.97,67.02,60.27,0.930101678,0.000288805,0.000116347,0.000120773,9.39E-05,9.06E-05,0.001992509,7.25E-06,0.153196485,0.155396108,0.000180398,0.000202449,0.000179943,3.37E-06,2.50E-05,-5.54E-07,-3.86E-07,2.63E-06,0.000309439,1.52E-05,3.46E-05,0,8.51E-05,9.89E-05,0.497669269,0.578138806,0.196612307,0.532438707,1.06057133,30.06120512,6.58E-05,0.00519167,0.004710289,0.000690383,0.00057867,0.001911042,0.083184339,4.76E-05,0.001565746,0.003200362,0.010226375,0.009197203,339.7196378,0.105486044,0.042495876,0.044112197,0.034283441,0.033089599,0.727764029,0.002649348,55.95501631,56.7584285,0.065890277,0.073944624,0.065724012,0.001232002,0.009130985,-0.00020227,-0.000140835,0.000959435,0.113022514,0.005563285,0.012628016,0,0.031095131,0.03611509,181.7737004,211.1651988,71.81264518,194.4732378,387.3736784,10979.85517,0.024051287,1.896257532,1.720432922,0.25216237,0.211359133,0.698007921,30.38307976,0.017389756,0.571888577,1.168932336,3.735183382,3.35927845,1.353483123,2.412213101,2.123328757,1.450613655,3.292726016,1.202529472,1.834909659,2.295437749
2011,47_1000,10,SS1203,1/1/2012,17/1/2012,9/1/2012,16,8,88.72951602,3,S86,SAZ_2011_47S_1000m_Cup10,2250.87,1.94,0.95,1.01,0.94,0.93,5.56,0.07,1049.61,1066.65,1.34,1.67,1.26,0.03,0.19,0,0,0.02,2.44,0.13,0.28,0,0.51,0.58,0,2945.42,3726.25,1637.76,1727,5569.21,224069.47,0.47,44.33,39.35,3.98,5.64,18.75,720.23,0.46,14.14,25.32,62.32,56.45,0.195608414,0.000168491,8.25E-05,8.74E-05,8.14E-05,8.09E-05,0.000483317,5.95E-06,0.091215003,0.092695978,0.000116131,0.000144712,0.000109761,2.28E-06,1.65E-05,-2.69E-07,-2.07E-07,2.12E-06,0.000212053,1.15E-05,2.45E-05,0,4.44E-05,5.06E-05,0.255967893,0.323824632,0.142327491,0.150082153,0.483984031,19.47243722,4.07E-05,0.003852282,0.003419972,0.000346178,0.000490214,0.001629604,0.062590212,4.03E-05,0.001228452,0.002200418,0.005415608,0.004905769,71.44597319,0.061541345,0.030146938,0.031940081,0.029727072,0.02954215,0.176531397,0.002173599,33.31627982,33.85720582,0.04241701,0.052856044,0.040090319,0.000833668,0.00600847,-9.84E-05,-7.55E-05,0.000776069,0.077452271,0.004208593,0.008959654,0,0.01620553,0.01846498,93.49227304,118.2769468,51.98511618,54.81750654,176.7751672,7112.307695,0.014860505,1.407046056,1.249144857,0.126441613,0.179050589,0.595212928,22.86107507,0.014702866,0.448692051,0.803702595,1.978050791,1.791832177,1.00430087,1.746199127,1.59765167,1.097380925,2.336208991,1.566544534,1.361383148,1.671090164
2011,47_1000,11,SS1203,17/1/2012,2/2/2012,25/1/2012,16,24,91.69602789,3,S87,SAZ_2011_47S_1000m_Cup11,4304,1.56,1.32,1.35,1.01,0.98,12.57,0.05,756.54,769.21,0.96,1.31,0.97,0.02,0.16,0,0,0.05,2.26,0.1,0.22,0,0.44,0.51,0,1852.28,3101.79,1188.82,2048.22,5591.98,234579.25,0.3,35.46,33.68,3.49,5.64,19.43,560.47,0.56,13.09,18.15,44.33,41.89,0.330623774,0.000119906,0.000101544,0.000103937,7.74E-05,7.53E-05,0.00096565,4.09E-06,0.058116093,0.059089151,7.36E-05,0.000100878,7.42E-05,1.66E-06,1.23E-05,-4.33E-08,-6.20E-08,3.64E-06,0.000173231,7.65E-06,1.68E-05,0,3.37E-05,3.92E-05,0.142288161,0.238272939,0.091322248,0.157339735,0.429563828,18.01987504,2.28E-05,0.002723643,0.002587609,0.000268345,0.000433341,0.001492616,0.043054349,4.27E-05,0.001005193,0.001394047,0.003405718,0.003217646,120.7603334,0.043795824,0.03708892,0.037963122,0.028263711,0.027490625,0.352703768,0.001492414,21.22690292,21.58231249,0.026878812,0.036845731,0.027118161,0.000606693,0.004484922,-1.58E-05,-2.27E-05,0.001328581,0.063272723,0.002794333,0.006124529,0,0.012318571,0.014330247,51.9707509,87.02919087,33.35545093,57.46833828,156.898188,6581.759359,0.008314512,0.994810423,0.9451243,0.098012947,0.158277803,0.54517782,15.72560115,0.015579471,0.36714665,0.509175571,1.243938611,1.175245327,0.710061316,1.120421835,1.098987378,0.72861596,1.596956881,1.190506552,0.914521622,1.131606852
2011,47_1000,12,SS1203,2/2/2012,18/2/2012,10/2/2012,16,40,91.03711022,4,S88,SAZ_2011_47S_1000m_Cup12,1226.56,1.85,0.74,0.74,1.01,0.98,9.59,0.06,924.43,949.08,1.09,1.39,1,0.02,0.16,0,0,0.03,1.63,0.09,0.14,0,0.5,0.42,0,2323.24,2546.59,1009.7,1198.95,3293.44,236290.32,0.32,35.39,33.64,4.42,4.59,24.32,476.22,0.47,14.91,19.29,41.18,42.14,0.122219678,0.000184594,7.40E-05,7.41E-05,0.000100536,9.76E-05,0.000955454,5.63E-06,0.092114826,0.094570808,0.000108662,0.000138094,9.92E-05,2.28E-06,1.64E-05,5.19E-08,5.95E-08,3.08E-06,0.00016286,9.41E-06,1.44E-05,0,4.96E-05,4.14E-05,0.231498331,0.253754394,0.100610754,0.119469242,0.328174089,23.54506428,3.19E-05,0.003526517,0.003352263,0.000440444,0.000457702,0.002423599,0.0474531,4.66E-05,0.001485718,0.001922451,0.004103246,0.004198698,44.64073742,0.067422882,0.027033954,0.027082369,0.036720593,0.035661059,0.348979708,0.002057619,33.6449401,34.5419877,0.039688779,0.050438677,0.036245758,0.00083422,0.005981062,1.90E-05,2.17E-05,0.001124708,0.059484754,0.003437755,0.005249257,0,0.018129548,0.015127693,84.55476544,92.68379237,36.7480779,43.63614057,119.8655859,8599.834727,0.011651154,1.288060467,1.224413921,0.160872323,0.167175529,0.885219544,17.33224481,0.017013999,0.542658492,0.702175208,1.498710422,1.533574503,0.919373067,1.23438142,1.211268051,0.896386766,1.368731718,1.069151633,1.065352326,1.183438564
2011,47_1000,13,SS1203,18/2/2012,5/3/2012,26/2/2012,16,56,91.42473333,4,S89,SAZ_2011_47S_1000m_Cup13,1412.37,2.39,1.45,1.48,1.05,1.03,11.54,0.06,1168.27,1189.88,1.32,1.74,1.18,0.03,0.21,0,0,0.05,2.31,0.11,0.17,0,0.43,0.37,0,2123.23,3047.16,1105.31,2131.51,4569.07,241010.34,0.3,31,31.31,3.49,6.49,17.87,446.77,1.01,17.97,25.58,48.76,48.55,0.092863033,0.000156918,9.53E-05,9.71E-05,6.93E-05,6.80E-05,0.000758772,3.96E-06,0.076813652,0.07823458,8.66E-05,0.000114646,7.79E-05,1.94E-06,1.36E-05,1.46E-08,1.65E-08,3.34E-06,0.000151947,7.46E-06,1.10E-05,0,2.84E-05,2.46E-05,0.139602473,0.200350998,0.07267414,0.140146811,0.300416532,15.84642996,1.94E-05,0.002038107,0.002058929,0.000229265,0.000426943,0.001174627,0.029374936,6.64E-05,0.001181446,0.001682213,0.003205708,0.003192336,33.91822276,0.057314453,0.034825183,0.035447528,0.025322461,0.02484047,0.277141351,0.001445972,28.0561863,28.57518032,0.031624243,0.041874432,0.028435271,0.00070721,0.004980933,5.34E-06,6.03E-06,0.001218577,0.055498556,0.002723702,0.004007159,0,0.010386138,0.00900006,50.98980334,73.17820193,26.54422955,51.18862285,109.7271383,5787.908542,0.007101474,0.744418758,0.752023983,0.083739073,0.155940834,0.429032593,10.7291953,0.02424859,0.43152306,0.614428169,1.170884724,1.166000625,0.531340395,0.89163041,0.749812366,0.710199077,1.044857509,1.096190968,0.720745562,0.80441017
2011,47_1000,14,SS1203,5/3/2012,21/3/2012,13/3/2012,16,72,91.50311118,4,S90,SAZ_2011_47S_1000m_Cup14,1305.96,2.4,1.88,1.94,0.96,0.95,5.5,0.06,1243.61,1263.65,1.23,1.73,1.13,0.03,0.24,0,0,0.04,2.17,0.11,0.17,0,0.34,0.28,0,1738.33,2604.45,1014.6,1869.08,4213.06,243566.5,0.22,34.7,35.48,3.1,6.3,15.28,490.51,1.01,18.71,24.73,51.23,50.95,0.107196046,0.000196928,0.000154602,0.000159018,7.85E-05,7.84E-05,0.000451242,4.59E-06,0.102077765,0.103722907,0.000100784,0.000141958,9.29E-05,2.72E-06,2.01E-05,2.12E-07,2.64E-07,3.12E-06,0.000177865,9.31E-06,1.36E-05,0,2.76E-05,2.33E-05,0.142686114,0.21377881,0.083280204,0.153418099,0.345816631,19.99246008,1.80E-05,0.002848211,0.002912349,0.000254584,0.000516776,0.001254305,0.040261971,8.25E-05,0.001535581,0.002029918,0.004205474,0.004182029,39.15335581,0.071928002,0.056468432,0.058081209,0.028674616,0.028624502,0.164816022,0.00167504,37.28390354,37.88479181,0.036811392,0.051850303,0.033936641,0.000993179,0.007334943,7.73E-05,9.65E-05,0.001138966,0.064965121,0.003401751,0.004952226,0,0.010072082,0.00849517,52.11610328,78.08271034,30.4180945,56.03596071,126.3095245,7302.246044,0.006558927,1.040309072,1.063735331,0.09298673,0.188752538,0.458134782,14.70568487,0.030140086,0.560871064,0.7414276,1.536049484,1.527485976,0.742536679,1.021754955,1.027710286,0.886998854,1.291281413,1.120524101,0.919750193,1.020820833
2011,47_1000,15,SS1203,21/3/2012,6/4/2012,29/3/2012,16,88,90.62046465,4,S91,SAZ_2011_47S_1000m_Cup15,1191.65,2.51,3.26,3.35,1.88,1.84,24.82,0.09,1152.32,1161.86,1.31,2.3,1.2,0.04,0.25,0,0,0.04,3.68,0.14,0.2,0,0.33,0.28,0,2196.52,2858.29,1322,2874.35,4768.39,226448.99,0.28,44.89,45.11,6.52,14.79,29.8,825.04,1.13,28.3,31.48,94.48,93.88,0.043367423,9.13E-05,0.000118731,0.000121783,6.85E-05,6.70E-05,0.000903124,3.13E-06,0.041936137,0.042283474,4.76E-05,8.36E-05,4.38E-05,1.28E-06,9.23E-06,4.55E-08,3.97E-08,1.53E-06,0.000133814,4.96E-06,7.32E-06,0,1.21E-05,1.02E-05,0.079937795,0.104021173,0.048111442,0.104605794,0.173535395,8.241125821,1.02E-05,0.001633537,0.001641559,0.000237445,0.000538374,0.001084335,0.030025423,4.12E-05,0.001029764,0.001145597,0.003438307,0.003416504,15.83995124,0.033353738,0.043366464,0.044481085,0.025004184,0.024472481,0.329866002,0.001144947,15.31717416,15.44403885,0.017375698,0.030534837,0.015980062,0.000466335,0.003372168,1.66E-05,1.45E-05,0.000559332,0.048875552,0.001812926,0.002671992,0,0.00442015,0.003717202,29.19727959,37.99373327,17.57270401,38.2072662,63.38380302,3010.071206,0.00372192,0.596649408,0.599579501,0.086726862,0.196641089,0.396053232,10.96678574,0.015051435,0.376121452,0.418429227,1.255841623,1.24787821,0.425867737,0.590273575,0.76641643,0.472716239,0.696715748,1.549255924,0.563818495,0.619818372
2011,47_1000,16,SS1203,6/4/2012,22/4/2012,14/4/2012,16,104,90.57839208,4,S92,SAZ_2011_47S_1000m_Cup16,1314.05,2.84,3.03,3.15,2.3,2.27,6.57,0.11,1572.58,1591.13,1.6,2.93,1.44,0.04,0.29,0,0,0.05,4.01,0.16,0.26,0,0.34,0.29,0,1786.39,2820.49,1635.25,1492.66,4766.41,245431.08,0.34,68.36,67.76,7.27,15.16,48.5,1058.55,1.51,30.07,35.97,49.61,49.81,0.060160242,0.000130127,0.000138933,0.000144367,0.000105084,0.000103872,0.000300834,4.97E-06,0.071995883,0.072845201,7.33E-05,0.000134129,6.61E-05,1.73E-06,1.34E-05,1.11E-07,8.57E-08,2.20E-06,0.000183395,7.34E-06,1.19E-05,0,1.56E-05,1.34E-05,0.081784639,0.129128002,0.074865328,0.068337273,0.218216598,11.23636087,1.55E-05,0.003129695,0.003102187,0.000332889,0.000694203,0.002220662,0.048462793,6.92E-05,0.001376629,0.001646896,0.002271028,0.002280226,21.97352851,0.04752898,0.050745328,0.052730025,0.038381969,0.037939345,0.109879599,0.001816517,26.29649611,26.60670964,0.026754924,0.048990728,0.024126789,0.000630886,0.004883091,4.04E-05,3.13E-05,0.00080325,0.066985205,0.002681373,0.004328347,0,0.005680146,0.004893132,29.87183948,47.16400273,27.344561,24.96018909,79.70361248,4104.080807,0.005648689,1.143121176,1.133073856,0.121587807,0.253557622,0.811096893,17.70103514,0.025269747,0.502813672,0.601528931,0.829492995,0.832852421,0.815920408,0.918513837,1.237041052,0.699161705,1.128606464,2.004404323,0.91765925,1.02502044
2011,47_1000,17,SS1203,22/4/2012,8/5/2012,30/4/2012,16,120,91.5372785,4,S93,SAZ_2011_47S_1000m_Cup17,1283.24,2.58,2.31,2.4,1.32,1.31,12.51,0.09,1470.69,1480.2,1.41,2.36,1.28,0.03,0.25,0,0,0.03,3.04,0.15,0.24,0,0.34,0.3,0,3953.27,2722.6,1393.57,1349.97,4131.09,232260.41,0.31,55.38,51.41,5.77,10.39,26.47,892.15,0.92,22.83,38.01,61.88,61.97,0.05319478,0.000107063,9.58E-05,9.93E-05,5.49E-05,5.41E-05,0.000518399,3.86E-06,0.06096517,0.0613597,5.85E-05,9.80E-05,5.30E-05,1.43E-06,1.02E-05,5.28E-09,7.14E-09,1.13E-06,0.000125813,6.35E-06,9.77E-06,0,1.43E-05,1.24E-05,0.163877289,0.112861517,0.057768599,0.055961251,0.171248637,9.628023426,1.27E-05,0.002295878,0.002131311,0.00023932,0.000430871,0.00109732,0.036982992,3.83E-05,0.00094645,0.001575536,0.002565079,0.002568907,19.42939331,0.039104829,0.034990569,0.0362746,0.020042491,0.019761702,0.189345307,0.001409901,22.26752845,22.41163031,0.021384615,0.035786758,0.019359512,0.000521358,0.003716538,1.93E-06,2.61E-06,0.000412618,0.045953239,0.002319416,0.003568323,0,0.005216745,0.004529856,59.85617974,41.2226692,21.09998074,20.43984692,62.54856479,3516.635556,0.004628914,0.838569331,0.778461222,0.087411626,0.157375635,0.400796194,13.50803785,0.013973139,0.345690888,0.575464528,0.936895214,0.938293198,0.598541821,0.708756095,0.944012438,0.60478248,0.930432015,1.722464878,0.714023209,0.795435592
2011,47_1000,18,SS1203,8/5/2012,24/5/2012,16/5/2012,16,136,87.89205738,4,S94,SAZ_2011_47S_1000m_Cup18,1729.58,1.9,2.22,2.27,1.25,1.23,7.83,0.06,1250.34,1255.86,1.07,1.65,0.96,0.03,0.18,0,0,0.04,2.38,0.11,0.17,0,0.77,0.67,0,2849.1,4938.1,956.24,6706.54,4621.15,218517.34,0.25,30.18,27.11,5.21,9.06,29.4,537.39,1.17,20.9,32.18,71.69,69.62,0.087958337,9.67E-05,0.000112922,0.000115233,6.37E-05,6.27E-05,0.000398077,3.15E-06,0.063586494,0.063867339,5.43E-05,8.38E-05,4.86E-05,1.30E-06,9.18E-06,-2.00E-08,-3.88E-08,2.19E-06,0.00012089,5.63E-06,8.58E-06,0,3.93E-05,3.40E-05,0.144891948,0.251128674,0.048630078,0.341063347,0.23501007,11.11277723,1.26E-05,0.001534561,0.001378724,0.000265066,0.000460846,0.001495138,0.027329094,5.96E-05,0.001062674,0.001636383,0.003645735,0.003540366,32.12678257,0.035328307,0.041244613,0.042088812,0.023248316,0.022910118,0.145397555,0.001151258,23.22496691,23.32754563,0.019833466,0.030601317,0.017758434,0.000475726,0.003354304,-7.32E-06,-1.42E-05,0.00079922,0.044155194,0.002055141,0.00313374,0,0.014341776,0.012408674,52.92178403,91.72474821,17.76213585,124.5733876,85.83742822,4058.941882,0.004614546,0.560498243,0.503578878,0.096815511,0.168324108,0.546099303,9.981951566,0.021770105,0.388141706,0.597688803,1.331604886,1.293118621,0.400064284,0.59663666,0.69759106,0.535873192,0.81711535,1.096327566,0.557541299,0.627851839
2011,47_1000,19,SS1203,24/5/2012,9/6/2012,1/6/2012,16,152,94.43858034,4,S95,SAZ_2011_47S_1000m_Cup19,1108.79,1.45,1.52,1.52,0.97,0.98,6.86,0.08,1014.12,1037.84,0.94,1.58,0.81,0.02,0.16,0.01,0.01,0.03,2.73,0.11,0.18,0,0.27,0.24,0,2383.53,2247.87,1062.22,1699.61,3563.1,235108.11,0.21,49.03,46.92,4.15,10.54,15.17,617.83,0.85,13.86,20.61,104.15,101.54,0.04177155,5.46E-05,5.71E-05,5.74E-05,3.66E-05,3.70E-05,0.000258276,3.01E-06,0.038204982,0.039098801,3.55E-05,5.96E-05,3.05E-05,7.47E-07,5.86E-06,2.73E-07,2.42E-07,9.90E-07,0.000102758,4.21E-06,6.86E-06,0,1.03E-05,9.14E-06,0.089795369,0.084684462,0.040017231,0.064029611,0.134233334,8.857278232,7.86E-06,0.001846968,0.001767511,0.000156317,0.00039719,0.000571588,0.023275472,3.22E-05,0.000522253,0.000776456,0.003923479,0.003825164,15.25705849,0.019945706,0.020847928,0.020967597,0.013373331,0.013512496,0.094335363,0.001097861,13.95436954,14.28083693,0.012971297,0.021758891,0.011158112,0.000272953,0.002140593,9.98E-05,8.85E-05,0.000361696,0.037532322,0.001536972,0.002505651,0,0.003772643,0.003337282,32.79775843,30.93099957,14.61629361,23.38681536,49.0287251,3235.120874,0.00287138,0.674604941,0.645583227,0.057094818,0.145073613,0.208772404,8.501366317,0.011757801,0.190752829,0.283600399,1.43305069,1.397141294,0.481509704,0.490966665,0.594120008,0.400761951,0.653342647,1.305541858,0.491839582,0.554984756
2011,47_1000,20,SS1203,9/6/2012,25/6/2012,17/6/2012,16,168,92.13546338,4,S96,SAZ_2011_47S_1000m_Cup20,1192.36,1.69,2.48,2.47,0.84,0.84,9.89,0.09,1303.45,1334.17,1.09,1.78,0.93,0.02,0.16,0,0,0.05,3.74,0.14,0.22,0,0.34,0.3,0,2705.18,2924.28,1277.41,2276.02,4875.62,227099.23,0.27,48.06,47.68,4.25,12.57,24.38,725.78,2.01,19.24,29.47,124.92,125.81,0.037804328,5.35E-05,7.88E-05,7.83E-05,2.65E-05,2.66E-05,0.000313431,2.90E-06,0.041326258,0.042300268,3.44E-05,5.63E-05,2.96E-05,6.58E-07,5.13E-06,1.21E-07,1.35E-07,1.47E-06,0.000118735,4.57E-06,7.00E-06,0,1.07E-05,9.40E-06,0.085768705,0.092715244,0.040500666,0.072162085,0.154583307,7.200262292,8.68E-06,0.001523687,0.001511626,0.000134803,0.000398486,0.000772834,0.023011243,6.37E-05,0.000609866,0.000934221,0.003960478,0.003988711,13.80803072,0.019541361,0.028765887,0.028591919,0.009676843,0.00970162,0.114480492,0.001060151,15.09441561,15.45017297,0.012572094,0.020581479,0.010817125,0.000240392,0.001872529,4.43E-05,4.94E-05,0.000535611,0.043368136,0.001668391,0.002558385,0,0.003907101,0.003435079,31.32701956,33.86424292,14.79286829,26.35720145,56.46155272,2629.895802,0.003169909,0.556526554,0.552121471,0.04923666,0.145546975,0.282277459,8.404856517,0.023278512,0.222753486,0.341224174,1.446564696,1.456876787,0.39722943,0.496897873,0.587375397,0.43502914,0.667093059,1.511205056,0.47913296,0.53714894
2011,47_1000,21,SS1203,25/6/2012,11/7/2012,3/7/2012,16,184,92.5584244,4,S97,SAZ_2011_47S_1000m_Cup21,1082.93,1.93,2.01,2.05,1.37,1.38,5.35,0.11,1431.76,1440.27,1.25,2.16,1.11,0.02,0.18,0,0,0.04,4.22,0.16,0.25,0,0.31,0.27,0,1968.31,2588.68,1545.37,1804.69,4865.29,209679.89,0.31,62.57,62.03,4.84,14.12,27.71,1046.05,1.75,20.03,30.74,108.48,107.73,0.031923289,5.68E-05,5.94E-05,6.03E-05,4.04E-05,4.07E-05,0.000157755,3.32E-06,0.042206217,0.042457059,3.70E-05,6.36E-05,3.26E-05,6.97E-07,5.25E-06,9.20E-08,8.55E-08,1.18E-06,0.000124546,4.81E-06,7.28E-06,0,9.16E-06,7.92E-06,0.05802293,0.076310581,0.045555157,0.053199663,0.143421886,6.181063494,9.15E-06,0.001844605,0.001828489,0.000142579,0.000416134,0.000816911,0.030836205,5.15E-05,0.000590428,0.000906284,0.003197894,0.003175686,11.65998148,0.020758117,0.021683542,0.02202597,0.014761279,0.014848512,0.057620138,0.001210962,15.41582065,15.50744093,0.013510764,0.023213093,0.011918362,0.000254654,0.001916951,3.36E-05,3.12E-05,0.00043237,0.045490466,0.001755417,0.002658699,0,0.003345076,0.002891139,21.19287527,27.87243984,16.63902109,19.43117692,52.38484371,2257.633441,0.003340306,0.673742095,0.667855788,0.052076801,0.151992849,0.298376801,11.26292398,0.018820035,0.215653711,0.33102023,1.168030939,1.159919388,0.480893833,0.558910823,0.787112122,0.457721031,0.693249661,1.937541152,0.571159452,0.63004161
2013,47_1000,1,INV2015V01 28/03/2015 0300,18/5/2013,4/6/2013,26/5/2013,17,145.5,92.10758468,3,S59,SAZ_2013_47S_1000m_Cup1,1228.12,2.26,1.24,1.25,0.7,0.68,1.26,0.06,859.74,864.19,1.17,1.65,1.15,0.04,0.29,0,0,0.01,1.53,0.14,0.24,0,0.3,0.29,0,1687.49,2052.62,1120.6,999.81,2991.42,280754.05,0.29,45.59,46.05,3.75,2.25,14.07,595.18,0.47,10.83,21.09,46.08,45.89,0.114004782,0.000209673,0.00011533,0.000115806,6.48E-05,6.29E-05,0.000117135,5.57E-06,0.079808839,0.080221245,0.000108828,0.000153338,0.000106639,3.47E-06,2.70E-05,-1.16E-07,-7.76E-08,1.39E-06,0.000141899,1.26E-05,2.25E-05,0,2.77E-05,2.72E-05,0.156647466,0.190541348,0.104023704,0.092810996,0.277689131,26.06199752,2.66E-05,0.004232223,0.00427475,0.000347948,0.000208975,0.001306204,0.055249351,4.38E-05,0.001005615,0.001957701,0.004277806,0.004260352,41.6402467,0.076582954,0.042124228,0.042298244,0.023655659,0.022987718,0.04278338,0.002035462,29.15017844,29.30080969,0.039749522,0.056006855,0.03894975,0.001269088,0.009857403,-4.24E-05,-2.83E-05,0.000506229,0.051828708,0.00460821,0.008231494,0,0.010119717,0.009927713,57.21548708,69.59522729,37.99465799,33.89921627,101.425955,9519.144595,0.009709753,1.545819426,1.561352571,0.127088084,0.076328082,0.477090938,20.17982542,0.015991914,0.367300769,0.715050201,1.562468735,1.556093414,1.103352508,1.276254503,1.4102719,1.201580127,2.146343143,1.344267977,1.247864759,1.484055513
2013,47_1000,2,INV2015V01 28/03/2015 0300,4/6/2013,21/6/2013,12/6/2013,17,162.5,91.3575708,3,S60,SAZ_2013_47S_1000m_Cup2,1217.16,2.11,0.88,0.91,0.52,0.52,1.43,0.05,996.01,1005.59,1.12,1.62,1.13,0.03,0.25,0,0,0.01,1.58,0.13,0.23,0,0.22,0.22,0,2065.15,2043.91,938.35,1119.87,2912.24,293424.18,0.23,36.69,37.52,2.23,2.08,9.75,509.85,0.41,10.23,17.8,93.95,91.66,0.073005283,0.000126609,5.25E-05,5.47E-05,3.11E-05,3.10E-05,8.59E-05,3.15E-06,0.059740768,0.060314897,6.75E-05,9.71E-05,6.78E-05,2.05E-06,1.52E-05,2.81E-08,7.95E-08,8.99E-07,9.47E-05,7.52E-06,1.38E-05,0,1.35E-05,1.35E-05,0.123867538,0.122593097,0.056281847,0.067169746,0.174675679,17.59953318,1.40E-05,0.00220073,0.002250336,0.000133772,0.000124933,0.000585014,0.030580686,2.44E-05,0.000613612,0.001067353,0.005635322,0.005497728,26.66517957,0.046244072,0.019172647,0.019974063,0.011346631,0.011305053,0.031358115,0.00115171,21.82031553,22.03001617,0.024641191,0.035477453,0.024762807,0.000748404,0.005548582,1.03E-05,2.90E-05,0.000328466,0.034584566,0.002748244,0.005027818,0,0.004926302,0.004922833,45.24261827,44.77712884,20.55694462,24.53374977,63.80029183,6428.229495,0.005124486,0.803816745,0.82193539,0.048860366,0.045631836,0.213676529,11.16959554,0.008920556,0.224121958,0.389850757,2.058301402,2.008045055,0.573736625,0.690515312,0.780589842,0.716598349,1.310991834,1.15098694,0.690360032,0.838958403
2013,47_1000,3,INV2015V01 28/03/2015 0300,21/6/2013,8/7/2013,29/6/2013,17,179.5,92.87857996,3,S61,SAZ_2013_47S_1000m_Cup3,1294.85,2.49,0.74,0.76,0.85,0.83,2.82,0.06,1382.43,1391.36,1.48,2.16,1.47,0.04,0.26,0,0,0.02,2.06,0.15,0.28,0,0.26,0.26,0,2543.85,2026.73,1129.08,1022.14,2734.59,292715.66,0.25,45.6,45.66,2.45,2.39,15.52,618.17,0.48,13.57,28.19,93.89,93.54,0.069897946,0.0001343,3.99E-05,4.09E-05,4.58E-05,4.49E-05,0.000152228,3.24E-06,0.074625795,0.075107932,8.00E-05,0.000116661,7.95E-05,1.90E-06,1.38E-05,4.32E-08,3.24E-08,8.21E-07,0.000111027,8.13E-06,1.51E-05,0,1.39E-05,1.40E-05,0.13732106,0.109406009,0.060949305,0.055176852,0.14761718,15.80123411,1.33E-05,0.002461663,0.002464611,0.000132389,0.000129276,0.000837906,0.033369799,2.60E-05,0.000732615,0.001521906,0.005068366,0.005049227,25.53022489,0.049052925,0.014567938,0.01495185,0.016736203,0.016410519,0.055601144,0.001182331,27.25707179,27.43317202,0.029212856,0.042610306,0.029020406,0.000694792,0.005051061,1.58E-05,1.18E-05,0.000300024,0.040552576,0.00296945,0.005521822,0,0.005058813,0.005106328,50.15651717,39.96054462,22.26173367,20.15334516,53.91717494,5771.400757,0.004861572,0.899122353,0.900199083,0.048355172,0.047218239,0.306045127,12.18831892,0.009504047,0.267587784,0.555876233,1.85122064,1.84423028,0.641762476,0.747779802,0.851783567,0.774277242,1.439802322,1.396590676,0.753900772,0.920282042
2013,47_1000,4,INV2015V01 28/03/2015 0300,8/7/2013,25/7/2013,16/7/2013,17,196.5,91.40131532,3,S62,SAZ_2013_47S_1000m_Cup4,1265.85,2.43,0.59,0.6,1.68,1.65,1.69,0.06,1595.35,1620.55,1.56,2.35,1.54,0.03,0.22,0,0,0.02,2.53,0.16,0.3,0,0.3,0.31,0,1506.82,1572.15,1166.09,1251.49,2601.02,279819.73,0.25,44.65,46.86,2.7,3.01,21.52,672.24,0.63,13.55,31.59,142.93,138.5,0.031163343,5.98E-05,1.44E-05,1.47E-05,4.12E-05,4.05E-05,4.15E-05,1.52E-06,0.039275191,0.039895477,3.84E-05,5.77E-05,3.79E-05,7.96E-07,5.53E-06,-6.93E-09,5.25E-09,3.99E-07,6.23E-05,4.00E-06,7.29E-06,0,7.50E-06,7.60E-06,0.037095612,0.038704002,0.02870731,0.030809691,0.064033059,6.888738403,6.18E-06,0.001099312,0.001153692,6.65E-05,7.40E-05,0.000529883,0.016549587,1.54E-05,0.000333604,0.000777771,0.003518731,0.003409667,11.38241117,0.021829419,0.005266286,0.005351309,0.015066179,0.014793921,0.015163746,0.000556596,14.34526341,14.57182291,0.014014315,0.021092557,0.013855885,0.000290842,0.002020098,-2.53E-06,1.92E-06,0.000145886,0.022768384,0.00146248,0.002662646,0,0.002738157,0.002774615,13.54917234,14.1366367,10.48534493,11.25323964,23.38807469,2516.111702,0.002256117,0.401523792,0.421386078,0.024294144,0.02704367,0.193539627,6.044736482,0.005635647,0.121848905,0.284080727,1.285216412,1.245380799,0.286593813,0.352206583,0.422437847,0.381338235,0.694278692,1.464932081,0.36064412,0.438879234
2013,47_1000,5,INV2015V01 28/03/2015 0300,25/7/2013,11/8/2013,2/8/2013,17,213.5,90.83145183,3,S63,SAZ_2013_47S_1000m_Cup5,1198.76,2.48,0.61,0.63,0.7,0.66,1.47,0.07,1803,1797.89,1.62,2.59,1.64,0.03,0.22,0,0,0.02,2.17,0.18,0.34,0,0.39,0.4,0,1305.8,2008.36,1325.64,1234.46,2857.13,268012.56,0.27,52.93,51.83,2.75,3.01,12.48,724.34,0.42,9.47,24.78,61.6,59.42,0.055026121,0.000113644,2.80E-05,2.91E-05,3.19E-05,3.03E-05,6.74E-05,3.30E-06,0.082762127,0.082527674,7.44E-05,0.000118854,7.55E-05,1.47E-06,1.02E-05,-1.19E-07,-9.75E-08,8.57E-07,9.94E-05,8.33E-06,1.58E-05,0,1.79E-05,1.84E-05,0.059939646,0.092189012,0.06085028,0.056664805,0.131149266,12.30245203,1.22E-05,0.002429438,0.002379139,0.000126221,0.000138181,0.000572822,0.033248805,1.91E-05,0.000434642,0.001137283,0.002827411,0.002727378,20.09829061,0.041508346,0.010234712,0.010613603,0.011659622,0.011069202,0.024620955,0.001204084,30.22886692,30.14323286,0.02717789,0.043411325,0.02756298,0.000537731,0.003740873,-4.33E-05,-3.56E-05,0.000313031,0.036316219,0.003044258,0.005774798,0,0.006554729,0.006714665,21.89295572,33.67203656,22.22556487,20.69682018,47.90226927,4493.470605,0.004464563,0.887352374,0.868980412,0.046102305,0.050470789,0.209223108,12.14412587,0.006990504,0.158753094,0.415392617,1.03271178,0.996174735,0.633361472,0.746564879,0.848695125,0.793783148,1.505765257,1.646099472,0.755601156,0.933596683
2013,47_1000,6,INV2015V01 28/03/2015 0300,11/8/2013,28/8/2013,19/8/2013,17,230.5,89.04792654,3,S64,SAZ_2013_47S_1000m_Cup6,1192.83,2.56,0.82,0.85,1.32,1.32,1.62,0.08,2070.21,2097.94,1.68,2.81,1.65,0.03,0.24,0,0,0.02,2.7,0.18,0.35,0,0.62,0.65,0,1777.27,2503.76,1494.69,1753.74,3865.05,250940.03,0.32,49.94,49.64,2.99,4.46,11.83,836,0.52,10.52,39.37,130.47,122.6,0.031213996,6.71E-05,2.15E-05,2.22E-05,3.46E-05,3.46E-05,4.24E-05,2.06E-06,0.054173311,0.054899027,4.40E-05,7.36E-05,4.32E-05,8.68E-07,6.26E-06,-4.29E-08,-2.79E-08,4.64E-07,7.05E-05,4.79E-06,9.14E-06,0,1.62E-05,1.71E-05,0.046507851,0.065518644,0.03911306,0.045891951,0.101140929,6.566615618,8.34E-06,0.001306929,0.001298945,7.83E-05,0.000116683,0.000309628,0.021876434,1.36E-05,0.000275389,0.001030192,0.003414243,0.003208334,11.40091217,0.024497448,0.007865626,0.008098644,0.012629289,0.012634848,0.015492212,0.000754181,19.78680185,20.0518696,0.016054605,0.026880438,0.015792865,0.000316867,0.002284779,-1.57E-05,-1.02E-05,0.000169552,0.025761674,0.001750038,0.003338687,0,0.005916632,0.006258591,16.9869924,23.93068461,14.28604506,16.76203522,36.94172414,2398.456355,0.003046372,0.477355813,0.474439615,0.028608847,0.042618639,0.113091481,7.990367595,0.004972592,0.100585881,0.376277491,1.247052198,1.171843952,0.340720089,0.479873495,0.55840874,0.45631825,0.870554953,1.753397145,0.458830144,0.56238932
2013,47_1000,7,INV2015V01 28/03/2015 0300,28/8/2013,14/9/2013,5/9/2013,17,247.5,89.1686439,3,S65,SAZ_2013_47S_1000m_Cup7,1235.25,2.49,0.8,0.84,1.61,1.59,1.83,0.13,2223.52,2244.94,1.75,3.05,1.73,0.03,0.24,0,0,0.03,3.57,0.2,0.4,0,0.36,0.38,0,2455.18,2644.15,1836.55,1600.4,4117.15,249811.94,0.37,72.67,71.94,4.16,4.44,22.58,1090.34,0.78,21.83,42.46,142.42,139.21,0.031528873,6.35E-05,2.04E-05,2.15E-05,4.12E-05,4.06E-05,4.68E-05,3.21E-06,0.056753919,0.057300779,4.46E-05,7.78E-05,4.42E-05,8.43E-07,6.09E-06,4.75E-08,7.96E-08,7.33E-07,9.10E-05,5.01E-06,1.02E-05,0,9.23E-06,9.76E-06,0.062667043,0.067490214,0.046876675,0.040849152,0.105087624,6.376292253,9.38E-06,0.001854753,0.001836147,0.00010616,0.000113365,0.000576217,0.027830229,2.00E-05,0.00055727,0.001083844,0.003635123,0.003553208,11.51592078,0.023196917,0.007455033,0.007847785,0.015052637,0.014814715,0.017083145,0.001171447,20.72936881,20.92910956,0.016286743,0.02840486,0.016144625,0.000307845,0.002223025,1.73E-05,2.91E-05,0.000267889,0.033254559,0.001830559,0.0037173,0,0.003371784,0.003564286,22.88913754,24.65080054,17.12170546,14.92015285,38.38325482,2328.940745,0.003424439,0.677448583,0.67065283,0.038774889,0.041406557,0.210463128,10.16499109,0.007289305,0.203542965,0.395874095,1.327728682,1.297809114,0.483539397,0.575124369,0.710382821,0.477313918,0.969277486,2.20021153,0.561590126,0.684581018
2013,47_1000,8,INV2015V01 28/03/2015 0300,14/9/2013,1/10/2013,22/9/2013,17,264.5,91.41217906,3,S66,SAZ_2013_47S_1000m_Cup8,1224.5,2.39,0.67,0.71,1.74,1.7,1.32,0.11,1913.22,1920.09,1.69,2.83,1.64,0.03,0.24,0,0,0.03,3.14,0.2,0.41,0,0.33,0.36,0,1934.11,2282.23,1963.3,1051.2,2958.8,261628.08,0.37,80.27,78.71,4.61,4.22,58.56,1086.22,1.02,22.47,37.89,54.36,53.81,0.045026589,8.78E-05,2.47E-05,2.60E-05,6.38E-05,6.25E-05,4.86E-05,4.06E-06,0.070351886,0.070604527,6.22E-05,0.00010416,6.03E-05,1.17E-06,8.80E-06,-5.59E-08,1.54E-08,9.63E-07,0.000115488,7.31E-06,1.50E-05,0,1.21E-05,1.33E-05,0.071119905,0.083920792,0.072193226,0.038654225,0.108799479,9.620438287,1.37E-05,0.002951462,0.002894128,0.00016966,0.00015512,0.002153343,0.039941782,3.74E-05,0.000826401,0.001393152,0.001998975,0.001978508,16.44596163,0.032052331,0.009033518,0.009504354,0.023303958,0.022828254,0.017763809,0.001481361,25.69602642,25.78830336,0.022728105,0.038044539,0.02200968,0.000427021,0.003215874,-2.04E-05,5.62E-06,0.00035191,0.042181917,0.002669637,0.005476861,0,0.004424234,0.004858585,25.97654535,30.65206919,26.36857595,14.11845552,39.73900975,3513.865084,0.004993507,1.07802157,1.057080138,0.061968165,0.056657522,0.786508584,14.58873605,0.013666073,0.301842868,0.508848753,0.730125774,0.722650119,0.769454557,0.885730141,1.019537289,0.696101765,1.428078963,2.291741091,0.842705938,1.025700238
2013,47_1000,9,INV2015V01 28/03/2015 0300,1/10/2013,18/10/2013,9/10/2013,17,281.5,90.31560976,3,S67,SAZ_2013_47S_1000m_Cup9,1271.57,2.22,0.55,0.59,0.82,0.81,1.73,0.21,1444.46,1472.24,1.77,3.06,1.72,0.03,0.21,0,0,0.04,3.62,0.25,0.52,0,0.38,0.41,0,1880.76,2653.71,3200.47,1062.62,2852.65,273177,0.57,128.5,121.85,6.89,4.95,44.48,1785.18,0.9,17.68,26.18,76.76,73.42,0.101877703,0.000178014,4.44E-05,4.70E-05,6.58E-05,6.51E-05,0.000138673,1.67E-05,0.115729412,0.117955273,0.000141609,0.000245225,0.000137988,2.40E-06,1.66E-05,3.33E-08,2.10E-07,3.06E-06,0.000290126,1.97E-05,4.14E-05,0,3.04E-05,3.25E-05,0.150684921,0.212613088,0.256419715,0.085136798,0.228552778,21.88675784,4.53E-05,0.010295637,0.009762269,0.000551836,0.000396418,0.003563588,0.143027304,7.18E-05,0.001416118,0.002097678,0.006150143,0.005882427,37.21083105,0.065019566,0.016227664,0.017159768,0.024033859,0.023765119,0.050650453,0.006101817,42.27016772,43.08316335,0.051722585,0.089568275,0.0504001,0.000876942,0.006056555,1.22E-05,7.66E-05,0.001117393,0.105968498,0.007200699,0.015115928,0,0.011086223,0.011883974,55.03766737,77.65693042,93.65730095,31.09621533,83.47890223,7994.138301,0.016560053,3.760481406,3.565668818,0.201557967,0.144791554,1.301600653,52.24072278,0.026237529,0.517237162,0.766176853,2.246339799,2.148556561,2.684101726,3.145983103,3.650855339,1.877565762,3.941443417,3.544246517,2.839626482,3.355595896
2013,47_1000,10,INV2015V01 28/03/2015 0300,18/10/2013,4/11/2013,26/10/2013,17,298.5,89.79644968,3,S68,SAZ_2013_47S_1000m_Cup10,1344,2.3,0.5,0.54,1.85,1.86,1.61,0.24,1430.37,1446.77,1.89,3.17,1.84,0.03,0.22,0,0,0.04,4.19,0.31,0.62,0,0.33,0.36,0,1940.06,2631.8,3630.69,872.87,2586.02,285221.96,0.65,143.73,143.29,7.16,5.74,64.18,1984.55,1.07,17.73,26.22,39.23,38.77,0.059379878,0.000101509,2.22E-05,2.39E-05,8.17E-05,8.23E-05,7.10E-05,1.04E-05,0.063196124,0.063920361,8.36E-05,0.000139987,8.12E-05,1.31E-06,9.61E-06,1.29E-07,1.24E-07,1.86E-06,0.000184983,1.38E-05,2.76E-05,0,1.44E-05,1.57E-05,0.085714922,0.116276899,0.160409162,0.038564679,0.114254474,12.6015378,2.87E-05,0.006350006,0.006330657,0.000316206,0.000253791,0.002835564,0.087680525,4.71E-05,0.000783481,0.001158414,0.001733377,0.001713116,21.68850044,0.037076068,0.008121225,0.00872539,0.029826899,0.030074679,0.025939652,0.003808408,23.08238425,23.34691174,0.030525187,0.051130333,0.029665198,0.000477861,0.003510751,4.73E-05,4.52E-05,0.000678981,0.067565054,0.005050106,0.01006324,0,0.005272336,0.005735942,31.30737524,42.47013718,58.58944653,14.08574895,41.73144679,4602.711682,0.010500072,2.319339846,2.312272489,0.11549436,0.092697007,1.035689908,32.02531166,0.017220698,0.286166392,0.423110601,0.633116071,0.62571566,1.655464663,1.968041006,2.238096524,1.316803549,2.623966562,4.061883194,1.794601435,2.121392189
2013,47_1000,11,INV2015V01 28/03/2015 0300,4/11/2013,21/11/2013,12/11/2013,17,315.5,94.38459581,3,S69,SAZ_2013_47S_1000m_Cup11,1272.27,1.73,0.39,0.42,0.4,0.39,1.87,0.2,1268.49,1279.04,1.62,2.75,1.51,0.02,0.17,0,0,0.03,3.59,0.25,0.53,0,0.57,0.62,0,2158.58,2440.66,3405.39,1419.73,2537.65,304507.86,0.57,125.82,120.89,5.97,4.96,23.01,1895.06,0.59,10.63,16.58,48.66,46.48,0.096542645,0.000131596,2.93E-05,3.19E-05,3.01E-05,2.95E-05,0.000142187,1.49E-05,0.096255862,0.097056186,0.000123222,0.000209008,0.000114556,1.77E-06,1.29E-05,-2.20E-09,2.86E-08,2.46E-06,0.000272325,1.93E-05,4.01E-05,0,4.33E-05,4.74E-05,0.163798354,0.185203187,0.258409369,0.107732493,0.19256317,23.10677261,4.34E-05,0.00954739,0.00917338,0.000452809,0.000376443,0.001745752,0.14380147,4.46E-05,0.000806514,0.001258309,0.00369245,0.003526891,35.26220104,0.048065525,0.010699071,0.011661368,0.010988646,0.010786323,0.05193368,0.005424774,35.15745358,35.44977178,0.04500666,0.076340107,0.041841576,0.000647432,0.004696413,-8.03E-07,1.04E-05,0.000900336,0.099466843,0.007050072,0.01464942,0,0.015828104,0.01730364,59.82734878,67.64546417,94.38402187,39.34929313,70.33369787,8439.748697,0.015859562,3.48718411,3.350577162,0.165388601,0.137495903,0.637636081,52.52348685,0.016276852,0.294579162,0.45959726,1.348667211,1.288196782,2.489031557,3.170393925,3.670616373,1.838290015,3.819802492,3.679489182,2.792082968,3.287461087
2013,47_1000,12,INV2015V01 28/03/2015 0300,21/11/2013,8/12/2013,29/11/2013,17,332.5,90.93083288,3,S70,SAZ_2013_47S_1000m_Cup12,1159.19,1.7,0.35,0.38,0.5,0.49,1.62,0.19,1072.58,1091.14,1.44,2.29,1.37,0.02,0.16,0,0,0.03,3.26,0.22,0.45,0,0.57,0.63,0,2390.4,2655.24,3241.42,1061.5,3063.99,288709.36,0.63,118.47,112.01,5.43,4.23,19.19,1734.43,0.58,10.71,16.61,74.04,71.41,0.060359537,8.85E-05,1.84E-05,1.98E-05,2.60E-05,2.54E-05,8.43E-05,9.75E-06,0.055849953,0.056816272,7.52E-05,0.000119216,7.12E-05,1.20E-06,8.55E-06,-5.41E-08,-4.25E-08,1.53E-06,0.00016987,1.12E-05,2.33E-05,0,2.99E-05,3.28E-05,0.124469761,0.138259798,0.168782832,0.055272675,0.15954401,15.03326612,3.26E-05,0.006169057,0.005832381,0.000282959,0.000220172,0.000999357,0.090312911,3.03E-05,0.000557479,0.000864893,0.003855092,0.00371814,22.04632088,0.032324412,0.006728226,0.007216515,0.009495784,0.00928013,0.030792919,0.003562672,20.39919517,20.75214342,0.027468693,0.043543673,0.025993305,0.000436568,0.003124351,-1.98E-05,-1.55E-05,0.000557544,0.062045197,0.00408944,0.008509562,0,0.010913181,0.011988953,45.46258037,50.49939136,61.64792954,20.18834442,58.27344962,5490.900449,0.011890769,2.253248098,2.130277175,0.103350804,0.080417855,0.36501522,32.98679078,0.011050946,0.203619335,0.315902242,1.408072516,1.358050461,1.608290657,2.070776573,2.305289721,1.066312175,2.218848558,3.385149546,1.762667281,2.050801377
2013,47_1000,14,INV2015V01 28/03/2015 0300,25/12/2013,11/1/2014,2/1/2014,17,1.5,93.13094584,3,S71,SAZ_2013_47S_1000m_Cup14,5113.94,2.23,1.49,1.54,0.46,0.45,6.57,0.15,1369.86,1403.61,1.65,2.52,1.59,0.03,0.19,0,0,0.05,2.83,0.21,0.44,0,1.46,1.62,0,1885.49,3179.21,2983.95,1550.25,7390.28,252910.24,0.69,100.4,96.91,7.55,4.31,15.33,1381.05,0.65,20.58,31.96,81.01,73.14,0.234845724,0.000102625,6.87E-05,7.07E-05,2.10E-05,2.06E-05,0.000301538,6.85E-06,0.062907821,0.064457628,7.56E-05,0.000115503,7.32E-05,1.32E-06,8.88E-06,-2.96E-08,4.09E-08,2.12E-06,0.000129761,9.72E-06,2.00E-05,0,6.71E-05,7.46E-05,0.086586986,0.145998054,0.137030945,0.071191748,0.33938141,11.61431816,3.17E-05,0.004610677,0.004450462,0.000346919,0.000197932,0.000704066,0.063421467,2.96E-05,0.000945254,0.001467723,0.003720195,0.003358999,85.77740076,0.037483612,0.025075696,0.025812662,0.007669692,0.007509019,0.110136647,0.002500274,22.97708171,23.54314859,0.027622696,0.042187405,0.026731615,0.00048202,0.003242978,-1.08E-05,1.49E-05,0.000773855,0.047395352,0.003550893,0.007322933,0,0.024498914,0.027235768,31.62589653,53.32578924,50.05055283,26.00278588,123.95906,4242.129708,0.011578317,1.684049928,1.625531227,0.126712232,0.072294799,0.257160119,23.16469077,0.010829054,0.345254189,0.536085735,1.358801208,1.226874471,1.202016665,1.681216434,1.618869925,0.925887111,1.909437839,2.95496096,1.356997534,1.602885216
2013,47_1000,15,INV2015V01 28/03/2015 0300,11/1/2014,28/1/2014,19/1/2014,17,18.5,95.82875468,3,S72,SAZ_2013_47S_1000m_Cup15,912.7,1.77,12.46,12.89,0.69,0.69,12.6,0.12,988.8,1016.3,1.31,2.11,1.27,0.02,0.16,0,0,0.08,3.8,0.23,0.47,0,1.54,1.68,0,2365.18,3830.42,2692.1,1782.5,10196.49,216805.65,0.58,75.4,73.24,8.26,4.63,8.91,998.63,1.23,18.39,26.16,139.7,131.7,0.01166569,2.27E-05,0.000159197,0.000164697,8.78E-06,8.76E-06,0.000161101,1.49E-06,0.012638366,0.012989831,1.68E-05,2.69E-05,1.63E-05,2.89E-07,2.08E-06,-3.22E-08,-1.13E-08,9.60E-07,4.85E-05,2.90E-06,5.99E-06,0,1.97E-05,2.15E-05,0.030230576,0.04895852,0.034409143,0.02278302,0.130326592,2.771104113,7.45E-06,0.000963663,0.000936158,0.000105576,5.92E-05,0.000113879,0.012763974,1.57E-05,0.000235093,0.000334389,0.001785515,0.001683365,4.260893372,0.008282776,0.058146702,0.060155606,0.00320675,0.00320019,0.058842263,0.000544923,4.616163185,4.744535783,0.00613893,0.009838827,0.005941436,0.000105424,0.000758581,-1.18E-05,-4.13E-06,0.000350475,0.017722867,0.001057611,0.00218789,0,0.007192057,0.007839763,11.04171798,17.88209939,12.56793964,8.32149796,47.60178761,1012.145777,0.002720864,0.351977788,0.341931862,0.038561586,0.021632909,0.04159427,4.662041633,0.005742068,0.085867703,0.122135507,0.652159353,0.614849027,0.251229586,0.422161704,0.325807889,0.275769602,0.570487206,2.493775228,0.318742195,0.392421596
2013,47_1000,16,INV2015V01 28/03/2015 0300,28/1/2014,14/2/2014,5/2/2014,17,35.5,93.05719881,3,S73,SAZ_2013_47S_1000m_Cup16,1080.45,2.35,2.87,2.95,0.33,0.31,3.75,0.19,1331.13,1345.4,1.75,2.99,1.72,0.03,0.23,0,0,0.04,3.83,0.28,0.58,0,0.9,1,0,2810.12,3720.41,3701.44,1718.5,5033.9,260003.13,0.73,123.36,118.44,9.52,6.64,56.49,1706.52,0.9,32.61,34.91,72.72,68.17,0.020254303,4.41E-05,5.38E-05,5.53E-05,6.20E-06,5.87E-06,7.02E-05,3.64E-06,0.024953698,0.02522122,3.29E-05,5.61E-05,3.23E-05,6.26E-07,4.32E-06,-5.38E-08,-3.53E-08,7.08E-07,7.18E-05,5.34E-06,1.09E-05,0,1.69E-05,1.88E-05,0.052679066,0.069743556,0.069388055,0.032215369,0.09436668,4.874075556,1.37E-05,0.002312498,0.002220353,0.000178405,0.000124492,0.001058902,0.031990764,1.69E-05,0.000611318,0.000654407,0.001363132,0.001277989,7.397884287,0.016120766,0.019644516,0.020182839,0.00226347,0.002143088,0.025646998,0.001331013,9.114338295,9.212050439,0.012015165,0.020494678,0.011805345,0.000228523,0.00157926,-1.96E-05,-1.29E-05,0.000258449,0.026226468,0.001950056,0.003983858,0,0.006186163,0.006873387,19.24102873,25.47383375,25.3439872,11.76666356,34.46743004,1780.256097,0.004986028,0.84463972,0.810983859,0.065162513,0.045470728,0.386764058,11.68462669,0.006159251,0.223283746,0.239022279,0.497883931,0.466785357,0.602874655,0.851313829,0.816582916,0.508472511,1.038781704,3.706406058,0.694810978,0.827388276
2013,47_1000,17,INV2015V01 28/03/2015 0300,14/2/2014,3/3/2014,22/2/2014,17,52.5,90.53554296,3,S74,SAZ_2013_47S_1000m_Cup17,1056.32,1.97,1.16,1.23,1.36,1.41,2.11,0.11,1153.73,1160.17,1.41,2.32,1.43,0.03,0.19,0,0,0.03,2.8,0.19,0.4,0,0.45,0.51,0,2518.42,3184.55,2248.08,1368.34,3988.56,242348.85,0.52,78.47,75.29,4.73,3.45,26.4,1069.89,0.55,17.03,25.81,58.46,54.88,0.058605526,0.000109162,6.42E-05,6.81E-05,7.57E-05,7.84E-05,0.000116842,5.98E-06,0.064009686,0.064367122,7.82E-05,0.000128814,7.92E-05,1.50E-06,1.04E-05,-1.07E-07,-9.81E-08,1.57E-06,0.000155168,1.06E-05,2.20E-05,0,2.51E-05,2.85E-05,0.139723379,0.176680812,0.124724756,0.075916189,0.221287828,13.44567724,2.87E-05,0.00435377,0.004177236,0.000262259,0.00019137,0.001464603,0.059358037,3.07E-05,0.000944715,0.001432188,0.003243417,0.003044707,21.40566848,0.039871561,0.023437883,0.024857966,0.027654037,0.028620134,0.042676651,0.002182739,23.37953773,23.51009116,0.028547977,0.047049143,0.028925798,0.000547188,0.003784215,-3.90E-05,-3.58E-05,0.000573245,0.056675041,0.003861232,0.008032438,0,0.009159675,0.010402584,51.03396419,64.53266673,45.55571697,27.72838803,80.82537903,4911.033614,0.010484762,1.590214338,1.525735355,0.095789959,0.069897747,0.534946363,21.68052318,0.011230381,0.345057115,0.523106659,1.18465788,1.112079312,1.135040063,1.530233248,1.51514852,1.006807244,2.094439774,2.337403668,1.296807269,1.568715401
2013,47_1000,18,INV2015V01 28/03/2015 0300,3/3/2014,20/3/2014,11/3/2014,17,69.5,90.58839784,3,S75,SAZ_2013_47S_1000m_Cup18,1087.19,1.99,1.44,1.49,1.44,1.46,2.37,0.09,1208.38,1225.49,1.41,2.16,1.39,0.03,0.19,0,0,0.02,2.65,0.16,0.33,0,0.43,0.48,0,2774.65,2797.46,1903.72,1382.22,3329.63,251987.75,0.38,62.25,59.6,4.82,3.16,40.01,923.67,0.69,17.05,27.57,62.48,58.27,0.057301122,0.00010504,7.58E-05,7.83E-05,7.60E-05,7.69E-05,0.000124872,4.51E-06,0.063688944,0.064590531,7.45E-05,0.000113625,7.34E-05,1.36E-06,9.92E-06,-1.10E-07,-5.34E-08,1.31E-06,0.000139732,8.35E-06,1.74E-05,0,2.28E-05,2.52E-05,0.14624043,0.147442605,0.100337275,0.072851043,0.175491074,13.28123654,2.01E-05,0.003281095,0.003141187,0.000253782,0.000166414,0.002109018,0.048683093,3.64E-05,0.000898376,0.00145324,0.003293253,0.003070942,20.92923469,0.038365721,0.02770237,0.028593124,0.027770585,0.028073105,0.045609404,0.001647056,23.26238697,23.59169134,0.027211021,0.041501651,0.026808649,0.000498269,0.003624313,-4.01E-05,-1.95E-05,0.000478496,0.051036977,0.003048518,0.006351941,0,0.008327646,0.009192271,53.41431699,53.85341156,36.64818959,26.60884331,64.09811484,4850.971648,0.00734749,1.198419875,1.147318637,0.092693843,0.06078288,0.770318857,17.78149968,0.013291127,0.328131855,0.530795831,1.202860796,1.12166174,0.855390709,1.231026135,1.242664335,0.794894078,1.656253841,1.956126656,1.030993814,1.246333755
2013,47_1000,19,INV2015V01 28/03/2015 0300,20/3/2014,6/4/2014,28/3/2014,17,86.5,90.03853444,3,S76,SAZ_2013_47S_1000m_Cup19,1215.88,2.22,1.25,1.34,1.02,1.01,1.71,0.09,1747.21,1745.17,1.55,2.19,1.56,0.03,0.2,0,0,0.02,2.79,0.17,0.35,0,0.38,0.42,0,2432.48,2455.48,1771.9,1375.78,3085.56,266801.6,0.37,55.56,53.73,3.91,2.97,23.3,859.42,0.54,14.01,24.11,62.62,60.42,0.087254984,0.00015919,8.95E-05,9.59E-05,7.34E-05,7.23E-05,0.000122687,6.13E-06,0.125385109,0.125238629,0.000111429,0.000156807,0.000111735,2.16E-06,1.45E-05,-3.84E-08,-1.28E-08,1.57E-06,0.000200085,1.19E-05,2.52E-05,0,2.74E-05,3.03E-05,0.174562064,0.176212961,0.127156836,0.098730214,0.22142922,19.14648988,2.65E-05,0.003986984,0.003856077,0.000280709,0.000213206,0.001672267,0.061674491,3.88E-05,0.001005461,0.001729934,0.004494073,0.004335752,31.86988281,0.058144269,0.032693001,0.035021946,0.026814729,0.026405931,0.04481145,0.002238769,45.79691115,45.74340914,0.040699425,0.05727377,0.040811244,0.000788739,0.005290324,-1.40E-05,-4.67E-06,0.000574722,0.073081018,0.00435362,0.009199152,0,0.009990864,0.011049563,63.75879395,64.36178389,46.44403442,36.06121063,80.87702275,6993.255428,0.009681293,1.456245879,1.40843217,0.102528886,0.077873571,0.610795574,22.52660771,0.014175664,0.367244682,0.631858278,1.641460127,1.583633277,1.039418004,1.560072157,1.574277339,1.135196428,2.398657734,1.849477469,1.327240982,1.643106308
2013,47_1000,20,INV2015V01 28/03/2015 0300,6/4/2014,23/4/2014,14/4/2014,17,103.5,91.32701644,3,S77,SAZ_2013_47S_1000m_Cup20,1310.41,2.16,1.42,1.51,1.38,1.39,2.54,0.07,2346.53,2380.41,1.58,2.08,1.52,0.03,0.2,0,0,0.02,2.25,0.17,0.36,0,0.3,0.34,0,4076.32,2453.78,1546.28,1469.31,3377.84,273918.83,0.3,57.34,53.85,3.4,2.74,17.61,755.39,0.6,13.39,23.2,58.34,55.05,0.075521277,0.000124538,8.18E-05,8.71E-05,7.96E-05,8.01E-05,0.000146375,4.30E-06,0.135234783,0.137187725,9.09E-05,0.000119846,8.76E-05,1.59E-06,1.17E-05,-2.50E-08,2.79E-08,1.37E-06,0.000129446,9.95E-06,2.09E-05,0,1.71E-05,1.95E-05,0.234926142,0.141416006,0.089115189,0.084679225,0.194671573,15.78647138,1.75E-05,0.003304666,0.003103355,0.000195809,0.000157991,0.001014751,0.043534467,3.47E-05,0.000771684,0.001337294,0.003362526,0.003172401,27.58414639,0.045487387,0.029876616,0.031826205,0.029064037,0.029256886,0.053463525,0.001568912,49.39450431,50.10781669,0.033206285,0.043773838,0.032005997,0.000580558,0.004284876,-9.14E-06,1.02E-05,0.000500204,0.047280285,0.003634317,0.007636642,0,0.006238933,0.007127399,85.80677354,51.6521962,32.54932265,30.92908697,71.10379199,5766.008671,0.00639216,1.207029368,1.133500449,0.071519065,0.057706215,0.370637783,15.90096407,0.012675841,0.281857677,0.488446771,1.228162467,1.158719547,0.861535868,1.093343691,1.111242656,0.947639869,1.991236782,1.741118982,1.003440521,1.264339749
2013,47_1000,21,INV2015V01 28/03/2015 0300,23/4/2014,10/5/2014,1/5/2014,17,120.5,89.3339953,3,S78,SAZ_2013_47S_1000m_Cup21,1136.36,2.45,2.29,2.38,1.72,1.7,1.94,0.11,1793.4,1821.46,1.69,2.84,1.73,0.03,0.23,0,0,0.03,3.32,0.2,0.43,0,0.35,0.4,0,2403.73,2821.51,2232.56,1649.82,3819.22,244498.52,0.42,75.48,74.09,4.67,4.22,30.81,1131.4,1.12,20.75,30.01,122.01,114.8,0.037530523,8.08E-05,7.55E-05,7.86E-05,5.69E-05,5.62E-05,6.40E-05,3.48E-06,0.059230347,0.060157116,5.60E-05,9.39E-05,5.72E-05,1.12E-06,7.68E-06,-8.24E-08,-5.06E-08,9.75E-07,0.000109762,6.64E-06,1.44E-05,0,1.16E-05,1.31E-05,0.079387773,0.09318575,0.073734479,0.054488294,0.126136996,8.075025905,1.40E-05,0.002492914,0.002447042,0.000154176,0.000139533,0.001017723,0.037366779,3.68E-05,0.000685389,0.000991241,0.004029583,0.003791364,13.70802356,0.029497253,0.027588012,0.028716095,0.020769211,0.020532146,0.023390804,0.0012709,21.6338842,21.9723865,0.020443102,0.034302157,0.020878493,0.000409371,0.002805463,-3.01E-05,-1.85E-05,0.000356176,0.040090591,0.002426381,0.00524492,0,0.004253196,0.004788714,28.99638404,34.03609505,26.93151852,19.90184935,46.07153793,2949.403212,0.005117136,0.910536798,0.893782081,0.056312779,0.050964361,0.371723206,13.64821609,0.013454887,0.250338382,0.362050951,1.471805077,1.384795843,0.649909713,0.904639589,0.953808828,0.632673244,1.367600724,2.377631759,0.785257844,0.968989714
2015,47_1000,1,recovery INV2016_Vo2,2/4/2015,19/4/2015,10/4/2015,17,99.5,87.85756157,2,S38,SAZ_2015_47S_1000m_Cup1,1174.99,1.66,3.06,3.08,1.96,1.92,22.74,0.08,1025.13,1087.28,1,1.37,0.77,0.02,0.15,-0.01,-0.01,0.05,5.78,0.12,0.18,0,0.41,0.36,0,2910.09,3408.61,1649.92,4037.43,5350.23,264189.94,0.39,56.88,57.67,7.05,4.25,15.67,838.9,1.54,22.02,33.5,142.39,136.62,0.036063309,5.09E-05,9.40E-05,9.46E-05,6.02E-05,5.90E-05,0.000697913,2.58E-06,0.031463742,0.033371319,3.07E-05,4.20E-05,2.37E-05,5.85E-07,4.55E-06,-1.62E-07,-1.81E-07,1.58E-06,0.000177373,3.63E-06,5.44E-06,0,1.27E-05,1.11E-05,0.089317855,0.104618629,0.050640195,0.123918485,0.164211628,8.108633088,1.19E-05,0.001745922,0.001769919,0.000216238,0.000130539,0.000481002,0.025747808,4.71E-05,0.000675809,0.001028326,0.004370398,0.004193094,13.17212375,0.018606998,0.034324987,0.03453808,0.021976807,0.021565634,0.25491259,0.000942019,11.49213182,12.18887417,0.011203516,0.015350277,0.008640249,0.000213796,0.001663305,-5.91E-05,-6.61E-05,0.000576239,0.064785493,0.001326542,0.00198817,0,0.004628381,0.004071779,32.62334655,38.21195424,18.49633106,45.26122673,59.97829703,2961.678235,0.004330792,0.637698092,0.646462843,0.078981097,0.047679544,0.175686089,9.404386715,0.017213857,0.246839186,0.375596167,1.596287924,1.531527543,0.45516687,0.621298547,0.657227803,0.345892781,0.518410623,1.693891236,0.5198965,0.56302596
2015,47_1000,2,recovery INV2016_Vo2,19/4/2015,6/5/2015,27/4/2015,17,116.5,91.32849522,2,S39,SAZ_2015_47S_1000m_Cup2,1204.49,1.53,0.75,0.75,0.8,0.78,7.15,0.03,1121.3,1134.76,0.87,1.08,0.72,0.02,0.14,-0.01,-0.01,0.03,4.08,0.07,0.1,0,0.24,0.21,0,9415.72,2774.18,706.7,1994.74,4075.51,303032.48,0.25,24.56,23.8,4.08,1.91,0.25,336.59,0.45,9.07,18.69,116.58,111.22,0.026743773,3.40E-05,1.66E-05,1.66E-05,1.77E-05,1.72E-05,0.000158723,7.04E-07,0.024896595,0.025195547,1.93E-05,2.40E-05,1.60E-05,3.71E-07,3.01E-06,-1.55E-07,-1.33E-07,5.78E-07,9.07E-05,1.61E-06,2.19E-06,0,5.36E-06,4.71E-06,0.209060583,0.061596061,0.015691032,0.044290015,0.09049005,6.728339614,5.46E-06,0.000545205,0.000528436,9.05E-05,4.24E-05,5.56E-06,0.007473519,1.00E-05,0.000201387,0.000414939,0.002588393,0.002469506,9.768163246,0.012436033,0.006048693,0.006052504,0.006457513,0.006294723,0.057973641,0.00025704,9.093481262,9.202673581,0.007033841,0.008757744,0.005839807,0.000135688,0.001098091,-5.66E-05,-4.84E-05,0.000211185,0.033118271,0.000589297,0.000799975,0,0.001958486,0.001720878,76.35937786,22.49796122,5.731149339,16.17692805,33.05149074,2457.526044,0.001994433,0.199135991,0.193011136,0.03306909,0.015493047,0.002029822,2.729702839,0.003658628,0.073556763,0.151556583,0.945410674,0.901986975,0.142136392,0.192511409,0.190765932,0.153657793,0.208591688,0.764604417,0.169767882,0.183501355
2015,47_1000,3,recovery INV2016_Vo2,6/5/2015,23/5/2015,14/5/2015,17,133.5,87.40496856,2,S40,SAZ_2015_47S_1000m_Cup3,1237.38,1.73,0.73,0.73,0.99,0.97,13.7,0.05,1304.82,1354.9,1.07,1.35,0.88,0.02,0.13,-0.01,-0.01,0.02,2.68,0.1,0.14,0,0.26,0.22,0,3011.54,2474.55,1208.7,1742.85,3451.66,286611.69,0.33,39.49,40.55,5.04,2.24,9.41,535.28,0.68,8.32,40.68,72.63,69.75,0.065782671,9.21E-05,3.91E-05,3.87E-05,5.27E-05,5.13E-05,0.000728243,2.91E-06,0.069367993,0.072030648,5.68E-05,7.16E-05,4.68E-05,9.63E-07,7.14E-06,-3.91E-07,-4.06E-07,1.16E-06,0.000142732,5.24E-06,7.60E-06,0,1.38E-05,1.19E-05,0.160102583,0.131554301,0.064258171,0.092655058,0.183500683,15.23714453,1.76E-05,0.002099305,0.002155649,0.000267745,0.000118903,0.000500528,0.028457174,3.59E-05,0.00044217,0.002162524,0.003861415,0.003707964,24.02712044,0.033644449,0.014266115,0.014138529,0.019256215,0.018739074,0.265990888,0.001062413,25.33665946,26.30919405,0.020735914,0.026155699,0.017107792,0.000351827,0.002608771,-0.000142717,-0.000148361,0.000425418,0.052133018,0.001913871,0.002775685,0,0.005037026,0.004363638,58.47746827,48.05020827,23.47029708,33.84226003,67.02362464,5565.367039,0.006436736,0.766771136,0.787350801,0.097793838,0.043429206,0.182817924,10.39398271,0.013121578,0.161502609,0.78986185,1.410381713,1.354333672,0.54729475,0.788375891,0.726385954,0.499037577,0.723753482,1.204358744,0.640273543,0.696452519
2015,47_1000,4,recovery INV2016_Vo2,23/5/2015,9/6/2015,31/5/2015,17,150.5,91.10692346,2,S41,SAZ_2015_47S_1000m_Cup4,1299.96,2.25,0.77,0.74,0.99,0.97,24.25,0.08,1395.88,1422.05,1.37,1.84,1.21,0.02,0.17,-0.01,-0.01,0.02,2.68,0.13,0.19,0,0.33,0.3,0,2520.8,2731.18,1648.25,1857.73,3384.48,282201.45,0.4,56.49,55.3,4.13,3.04,16.39,907.95,0.68,15.66,30.53,146.46,141.05,0.096100743,0.000166219,5.69E-05,5.47E-05,7.33E-05,7.14E-05,0.001792927,5.77E-06,0.103191545,0.105126895,0.000101304,0.000135854,8.92E-05,1.61E-06,1.24E-05,-6.31E-07,-5.01E-07,1.39E-06,0.000198449,9.31E-06,1.43E-05,0,2.47E-05,2.20E-05,0.186352497,0.201905083,0.12184861,0.137334492,0.25020102,20.86203856,2.93E-05,0.004175851,0.004088468,0.000305085,0.000224496,0.001211653,0.067120928,5.03E-05,0.001157589,0.002257273,0.010827409,0.010427474,35.1007965,0.060711552,0.020769232,0.019971591,0.026765854,0.026083177,0.654866756,0.002105729,37.69071163,38.39759856,0.037001276,0.049620793,0.032571086,0.000586228,0.004540847,-0.000230591,-0.000182809,0.000506141,0.072483482,0.003398782,0.005213406,0,0.009029179,0.008038626,68.06524937,73.74583164,44.50520478,50.16142315,91.3859225,7619.859582,0.010686234,1.525229575,1.493312964,0.11143225,0.081997044,0.442556089,24.51591881,0.018375879,0.422809258,0.824469087,3.954711047,3.808634922,1.088656184,1.494946158,1.713300818,0.88622455,1.359383618,1.752808273,1.295781927,1.414071694
2015,47_1000,5,recovery INV2016_Vo2,9/6/2015,26/6/2015,17/6/2015,17,167.5,90.61525715,2,S42,SAZ_2015_47S_1000m_Cup5,1368.84,2.46,0.66,0.62,0.95,0.93,36.47,0.09,1550.07,1621.49,1.55,2.12,1.33,0.03,0.2,-0.01,-0.01,0.02,3.04,0.16,0.23,0,0.31,0.27,0,3026.41,2726.75,1999,1451.81,3329.13,299337.01,0.41,69.26,72.17,4.27,3.3,21.7,928.91,0.63,16.11,32.02,197.83,190.21,0.087752885,0.000157565,4.22E-05,3.95E-05,6.10E-05,5.99E-05,0.002338316,6.04E-06,0.09937137,0.103949954,9.95E-05,0.000136087,8.53E-05,1.68E-06,1.27E-05,-4.72E-07,-4.80E-07,1.22E-06,0.000195177,9.97E-06,1.45E-05,0,1.99E-05,1.74E-05,0.194015985,0.174805552,0.12815089,0.093071952,0.213422689,19.1897662,2.63E-05,0.004440109,0.004626542,0.000274015,0.000211541,0.001390865,0.059550041,4.03E-05,0.001032668,0.00205289,0.012682142,0.012193966,32.05174131,0.057550514,0.015426117,0.014431057,0.02227579,0.021890767,0.854069754,0.002204763,36.29539273,37.96772063,0.036347567,0.049705596,0.031167624,0.000613185,0.004621761,-0.000172455,-0.000175179,0.000446508,0.071288382,0.003640586,0.005295876,0,0.007275184,0.006359458,70.86433835,63.8477279,46.8071127,33.99453037,77.95263721,7009.062106,0.00961484,1.621749844,1.689844514,0.10008401,0.077265409,0.508013289,21.75065258,0.014720704,0.377181865,0.749817899,4.632152298,4.453845969,1.157549017,1.57226809,1.52004953,0.949274442,1.380887338,2.027506909,1.29978527,1.407688494
2015,47_1000,6,recovery INV2016_Vo2,26/6/2015,13/7/2015,4/7/2015,17,184.5,89.55667894,3,S43,SAZ_2015_47S_1000m_Cup6,1371.36,2.69,0.68,0.69,1.39,1.36,34.23,0.09,1848.55,1848.49,1.69,2.45,1.56,0.03,0.2,0,0,0.02,2.99,0.16,0.23,0,0.32,0.28,0,4676.43,2275.44,1352.04,1133.69,2980.27,250304.95,0.3,50.77,49.93,3.53,2.63,24.03,680.92,0.79,15.94,28.46,104.52,100.83,0.077052134,0.000150863,3.80E-05,3.86E-05,7.83E-05,7.62E-05,0.00192312,4.83E-06,0.103863804,0.103860342,9.47E-05,0.000137778,8.77E-05,1.65E-06,1.15E-05,6.43E-08,1.52E-07,1.08E-06,0.000167943,8.73E-06,1.31E-05,0,1.79E-05,1.56E-05,0.262752731,0.127849045,0.075966666,0.063698333,0.167451255,14.06377276,1.71E-05,0.002852433,0.002805603,0.000198301,0.000147874,0.001350421,0.038258477,4.41E-05,0.00089588,0.001599037,0.005872848,0.005665182,28.1432921,0.055102738,0.01387488,0.014099695,0.028582737,0.027842911,0.702419516,0.001762686,37.93625454,37.93498985,0.034605247,0.050323424,0.032026603,0.000603684,0.004198918,2.35E-05,5.56E-05,0.000395888,0.061341105,0.003186929,0.004782002,0,0.006519817,0.005680362,95.97043505,46.69686354,27.74682484,23.26581617,61.16157104,5136.793001,0.006242845,1.041851166,1.024746487,0.072429545,0.054010912,0.493241206,13.9739088,0.016111378,0.327220035,0.584048183,2.145057769,2.069207646,0.743637373,0.932026027,0.976569941,0.830984489,1.246895887,1.549844911,0.870804457,0.974782307
2015,47_1000,7,recovery INV2016_Vo2,13/7/2015,30/7/2015,21/7/2015,17,201.5,88.35007595,3,S44,SAZ_2015_47S_1000m_Cup7,1452.64,2.09,0.86,0.86,1.64,1.64,26.57,0.05,1988.34,2018.77,1.28,1.69,1.15,0.02,0.17,0,0,0.02,4.23,0.11,0.16,0,0.44,0.39,0,6023.32,2926.89,762.29,3458.54,4009.05,220197.49,0.23,27.44,29.69,2.79,2.43,16.06,438.56,0.89,11.56,28.93,119.88,118.87,0.033776956,4.85E-05,2.00E-05,2.00E-05,3.82E-05,3.81E-05,0.000617845,1.07E-06,0.046233022,0.046940733,2.96E-05,3.94E-05,2.67E-05,5.56E-07,3.95E-06,1.89E-08,1.97E-08,4.57E-07,9.85E-05,2.57E-06,3.81E-06,0,1.02E-05,9.03E-06,0.140054859,0.068056314,0.017724777,0.08041829,0.093218773,5.12005421,5.41E-06,0.000637987,0.000690253,6.48E-05,5.66E-05,0.000373455,0.01019745,2.07E-05,0.000268736,0.000672726,0.002787541,0.002764083,12.33703325,0.017728988,0.007304513,0.007289136,0.013964912,0.013898128,0.225667945,0.00039016,16.88661112,17.14510258,0.010829573,0.014388024,0.009745649,0.000202989,0.00144201,6.91E-06,7.18E-06,0.00016696,0.035964129,0.00094042,0.001392361,0,0.003740013,0.003297905,51.15503719,24.85756861,6.473974681,29.37278034,34.04815666,1870.0998,0.001974525,0.233024744,0.252114898,0.023681123,0.020672322,0.136404374,3.724618645,0.007564181,0.098155965,0.245713288,1.018149439,1.0095813,0.166325013,0.217463185,0.26029586,0.245212439,0.363054944,0.956146396,0.222324124,0.25178475
2015,47_1000,8,recovery INV2016_Vo2,30/7/2015,16/8/2015,7/8/2015,17,218.5,88.21888995,3,S45,SAZ_2015_47S_1000m_Cup8,1430.91,2.75,0.64,0.66,1.7,1.67,41.24,0.05,2664.33,2648.73,1.78,2.66,1.68,0.03,0.21,0,0,0.02,4.43,0.16,0.24,0,0.29,0.25,0,3829.37,2136.72,993.83,1582.79,3025.49,241058.59,0.23,34.36,35.21,2.84,3.21,32.94,539.1,0.64,19.42,42.38,88.06,87.38,0.03518606,6.76E-05,1.57E-05,1.62E-05,4.18E-05,4.10E-05,0.001014143,1.32E-06,0.065515672,0.065132087,4.38E-05,6.53E-05,4.14E-05,7.47E-07,5.05E-06,5.59E-08,5.27E-08,3.97E-07,0.000108977,3.87E-06,5.92E-06,0,7.14E-06,6.23E-06,0.094163834,0.05254179,0.024438076,0.038920591,0.074396526,5.927610443,5.54E-06,0.00084483,0.000865708,6.99E-05,7.89E-05,0.000809977,0.013256384,1.58E-05,0.000477519,0.001042057,0.0021655,0.002148545,12.8517085,0.024707546,0.005723846,0.005903101,0.015255378,0.014986268,0.370415695,0.000481662,23.92959908,23.78949463,0.015996117,0.023852778,0.01510714,0.00027276,0.001843636,2.04E-05,1.92E-05,0.000145046,0.039803739,0.001413594,0.002160639,0,0.002606594,0.002276949,34.3933405,19.19088884,8.926007388,14.21574577,27.17333105,2165.059714,0.002025171,0.308574078,0.316199943,0.02554635,0.028817641,0.295844234,4.841894092,0.005767177,0.174413775,0.380611338,0.790948906,0.784756169,0.220249517,0.299827863,0.33837692,0.368591423,0.563381602,1.247509066,0.306761431,0.355458976
2015,47_1000,9,recovery INV2016_Vo2,16/8/2015,2/9/2015,24/8/2015,17,235.5,87.77927986,3,S46,SAZ_2015_47S_1000m_Cup9,1395.35,2.67,0.55,0.54,1.52,1.5,28.41,0.05,2707.81,2696.99,1.74,2.6,1.59,0.03,0.2,0,0,0.01,3.96,0.18,0.24,0,0.28,0.24,0,2152.34,1842.06,1062.75,1644.75,2907.09,237165.37,0.25,38.35,38.39,2.84,3.05,24.52,572.78,0.61,16.88,37.39,107.47,106.9,0.038666546,7.39E-05,1.53E-05,1.49E-05,4.23E-05,4.16E-05,0.000787234,1.49E-06,0.075035834,0.074736025,4.81E-05,7.19E-05,4.39E-05,7.92E-07,5.40E-06,-6.97E-08,-6.25E-08,3.79E-07,0.000109774,4.87E-06,6.71E-06,0,7.85E-06,6.74E-06,0.059643469,0.051045253,0.029449649,0.04557755,0.080558233,6.572071522,6.83E-06,0.001062681,0.001063752,7.87E-05,8.45E-05,0.000679386,0.015872377,1.69E-05,0.000467694,0.001036213,0.002978088,0.002962406,14.12295603,0.026982575,0.00558084,0.00543615,0.015432667,0.015199635,0.287537174,0.000542469,27.40683824,27.29733306,0.017584397,0.026265332,0.016052018,0.00028938,0.00197409,-2.55E-05,-2.28E-05,0.000138482,0.040094947,0.001778843,0.002449228,0,0.002868546,0.002460211,21.78477688,18.64427872,10.75648422,16.64719996,29.42389475,2400.449123,0.002494593,0.388144146,0.388535239,0.028739392,0.030851009,0.248145622,5.797385776,0.00618682,0.170825179,0.378476643,1.087746625,1.082018707,0.277043883,0.361314252,0.405151684,0.463829277,0.63863056,1.359878036,0.376834774,0.420535095
2015,47_1000,10,recovery INV2016_Vo2,2/9/2015,19/9/2015,10/9/2015,17,252.5,91.98948921,3,S47,SAZ_2015_47S_1000m_Cup10,1512.39,2.42,0.56,0.54,1.64,1.59,35.72,0.08,2612.75,2625.04,1.79,2.7,1.6,0.03,0.18,0,0,0.02,5.28,0.21,0.32,0,0.37,0.33,0,3133.3,2610.92,1399.56,2243.13,3223.11,232236.76,0.3,49.6,49.63,3.39,3.46,27.87,783.42,0.65,15.98,31.24,190.82,184.17,0.031058686,4.96E-05,1.15E-05,1.12E-05,3.36E-05,3.27E-05,0.000733651,1.74E-06,0.053655785,0.05390816,3.67E-05,5.55E-05,3.29E-05,5.58E-07,3.63E-06,-5.63E-08,-4.55E-08,3.73E-07,0.000108414,4.28E-06,6.55E-06,0,7.55E-06,6.69E-06,0.064345929,0.05361813,0.028741533,0.0460652,0.066190301,4.769245235,6.07E-06,0.00101869,0.001019255,6.96E-05,7.10E-05,0.00057237,0.016088357,1.33E-05,0.000328246,0.000641534,0.003918716,0.003782151,11.34418497,0.018121897,0.004202466,0.004083191,0.012285042,0.011954687,0.267966086,0.000634978,19.59777534,19.68995558,0.013389472,0.020282073,0.012030147,0.000203777,0.001326985,-2.06E-05,-1.66E-05,0.000136315,0.039598117,0.001564246,0.00239212,0,0.002757748,0.002441847,23.50235064,19.58402213,10.49784511,16.82531422,24.17600757,1741.966822,0.00221651,0.372076669,0.37228288,0.025423444,0.025934625,0.209058183,5.876272366,0.004853788,0.119891827,0.234320274,1.431311009,1.381430498,0.265575473,0.352626469,0.410664692,0.40787366,0.623739684,1.749039355,0.359185074,0.41315158
2015,47_1000,11,recovery INV2016_Vo2,19/9/2015,6/10/2015,27/9/2015,17,269.5,88.31008852,3,S48,SAZ_2015_47S_1000m_Cup11,1281.76,2.19,0.46,0.46,2.81,2.79,15.48,0.11,2248.08,2253.26,1.53,2.4,1.4,0.03,0.16,0,0,0.02,4.96,0.17,0.27,0,0.25,0.22,0,4824.77,2176.64,1669.65,906.45,2785.81,234845.79,0.35,69.44,67.9,3.83,3.38,29.48,927.76,0.63,14.19,29.85,86.48,84.63,0.03227007,5.52E-05,1.17E-05,1.15E-05,7.07E-05,7.02E-05,0.000389694,2.86E-06,0.056598597,0.056729104,3.86E-05,6.03E-05,3.52E-05,6.48E-07,3.98E-06,-8.01E-08,-5.54E-08,4.51E-07,0.000124842,4.37E-06,6.83E-06,0,6.34E-06,5.63E-06,0.121470782,0.054800034,0.042035885,0.022821207,0.070136825,5.912588221,8.79E-06,0.001748297,0.001709529,9.63E-05,8.52E-05,0.000742077,0.023357607,1.58E-05,0.00035718,0.000751587,0.002177322,0.002130575,11.78664318,0.020157689,0.004260005,0.004193383,0.02583416,0.02563981,0.142335697,0.001046436,20.67263767,20.72030526,0.014107794,0.022032448,0.01285555,0.000236785,0.001454657,-2.93E-05,-2.02E-05,0.000164646,0.04559848,0.001596581,0.002494728,0,0.00231459,0.002058076,44.36720328,20.0157125,15.35360695,8.335445975,25.61747536,2159.572848,0.003210599,0.638565435,0.624405447,0.03519098,0.031111322,0.271043535,8.531365912,0.005787225,0.130459961,0.274517228,0.795266927,0.778192534,0.455785949,0.515733291,0.596216536,0.41630484,0.650494508,1.970133789,0.496010154,0.554557571
2015,47_1000,12,recovery INV2016_Vo2,6/10/2015,23/10/2015,14/10/2015,17,286.5,90.52922998,3,S49,SAZ_2015_47S_1000m_Cup12,1389.91,1.92,0.5,0.5,1.8,1.76,42.21,0.06,2059.62,2066.63,1.28,1.68,1.15,0.02,0.16,0,0,0.02,3.54,0.13,0.21,0,0.3,0.27,0,6482.54,2424.38,1041.98,1435.72,3097.76,257769.03,0.26,40.92,40.49,3.08,2.64,28.87,615.15,0.51,12.94,27.9,68.17,67.45,0.049095394,6.78E-05,1.78E-05,1.75E-05,6.34E-05,6.21E-05,0.00149109,2.11E-06,0.072751474,0.072998797,4.54E-05,5.95E-05,4.06E-05,8.04E-07,5.55E-06,-1.06E-07,-9.17E-08,6.82E-07,0.000124935,4.73E-06,7.35E-06,0,1.08E-05,9.52E-06,0.228980814,0.085635491,0.036805532,0.050713526,0.109421072,9.105095275,9.27E-06,0.001445514,0.001430379,0.000108836,9.32E-05,0.001019728,0.02172866,1.80E-05,0.000457245,0.00098558,0.002408011,0.002382368,17.93209262,0.024769492,0.006489784,0.006398921,0.023165851,0.022677237,0.544620743,0.000771433,26.57247603,26.66281069,0.016577983,0.021735511,0.014823906,0.00029365,0.002027869,-3.88E-05,-3.35E-05,0.000249121,0.045632478,0.001729182,0.002685573,0,0.003932281,0.00347566,83.63524236,31.27836309,13.44322068,18.52311547,39.96604641,3325.636049,0.003385399,0.527974162,0.522445961,0.039752258,0.034057375,0.372455831,7.936393194,0.006584257,0.167008587,0.35998293,0.879526089,0.87015998,0.376849718,0.451562715,0.554636726,0.450880314,0.70025699,1.297982629,0.458482368,0.520826537
2015,47_1000,13,recovery INV2016_Vo2,23/10/2015,9/11/2015,31/10/2015,17,303.5,89.32373736,3,S50,SAZ_2015_47S_1000m_Cup13,1260.17,1.77,0.5,0.49,0.44,0.43,10.01,0.11,1539.37,1548.34,1.31,1.52,1.1,0.02,0.15,0,0,0.03,2.19,0.15,0.24,0,0.42,0.38,0,14809.96,3057.42,1572.27,976.99,3756.73,245656.83,0.31,58.28,56.19,4.29,2.56,19.67,901.7,0.46,13.34,16.93,33.81,32.56,0.216373672,0.000304707,8.63E-05,8.49E-05,7.62E-05,7.40E-05,0.001719501,1.82E-05,0.264314264,0.265854027,0.0002245,0.000261144,0.000188305,3.47E-06,2.50E-05,-5.29E-07,-1.57E-07,4.38E-06,0.000375506,2.53E-05,4.13E-05,0,7.23E-05,6.59E-05,2.542907143,0.524967146,0.269962186,0.167752308,0.645040118,42.17989734,5.41E-05,0.010007635,0.009648311,0.000735798,0.000439818,0.003376937,0.154824448,7.89E-05,0.002290983,0.002907587,0.005805943,0.005590697,79.03048377,0.111294076,0.031504057,0.030998613,0.027819867,0.027013494,0.628047669,0.006661342,96.54078491,97.1031833,0.081998781,0.095382819,0.068778354,0.001267992,0.00911552,-0.000193066,-5.73E-05,0.001601059,0.137153522,0.00922303,0.015101963,0,0.026410469,0.02408601,928.7968339,191.7442499,98.60368853,61.27153051,235.600903,15406.2075,0.019744451,3.65528862,3.524045578,0.268750083,0.160643517,1.233426324,56.54962959,0.028801538,0.836781399,1.061996108,2.120620642,2.0420022,2.609018749,3.312134077,3.951984317,2.4048837,3.937802059,1.787687911,3.069505211,3.4527348
2015,47_1000,14,recovery INV2016_Vo2,9/11/2015,26/11/2015,17/11/2015,17,320.5,86.53203306,3,S51,SAZ_2015_47S_1000m_Cup14,1212.77,1.73,0.59,0.6,0.54,0.53,13.19,0.06,1371.16,1372.79,1.25,1.12,1,0.02,0.13,0,0,0.02,2.42,0.1,0.16,0,0.47,0.44,0,20442.75,3547.48,934.45,937.98,4281.48,250459.06,0.28,31.39,31.55,3.67,1.85,10.68,513.63,0.37,11.46,18.09,30.44,30.87,0.105946991,0.000151233,5.12E-05,5.24E-05,4.73E-05,4.62E-05,0.001152003,5.04E-06,0.119784372,0.11992689,0.000109236,9.78E-05,8.73E-05,1.73E-06,1.14E-05,-1.37E-07,-5.83E-08,1.71E-06,0.000211065,8.72E-06,1.43E-05,0,4.12E-05,3.87E-05,1.785871367,0.309906382,0.081633295,0.081941203,0.374028483,21.88001905,2.41E-05,0.002741822,0.002755815,0.000320879,0.000161354,0.000933379,0.044870864,3.22E-05,0.001001464,0.001580259,0.002659416,0.002696574,38.69713851,0.055237834,0.018700317,0.01914605,0.017271765,0.016865408,0.420768935,0.001839634,43.75124202,43.80329672,0.039898629,0.035738978,0.031892758,0.000633162,0.004151776,-5.02E-05,-2.13E-05,0.000623711,0.077091358,0.003184345,0.00522752,0,0.015049219,0.014134308,652.2895169,113.1933059,29.81656088,29.92902424,136.6139033,7991.676959,0.008801261,1.001450541,1.006561509,0.117201041,0.058934426,0.340916552,16.38908311,0.011743414,0.365784681,0.577189767,0.971351741,0.984923764,0.714800802,1.00154922,1.145354972,0.830310516,1.36306391,1.056556123,0.923003878,1.056192226
2015,47_1000,15,recovery INV2016_Vo2,26/11/2015,13/12/2015,4/12/2015,17,337.5,87.21113235,3,S52,SAZ_2015_47S_1000m_Cup15,1273.3,2.07,0.58,0.59,0.66,0.65,22.53,0.06,1838.31,1849.81,1.43,1.49,1.23,0.02,0.15,0,0,0.02,2.69,0.12,0.2,0,0.31,0.29,0,19168.53,3370.69,978.86,1057.43,3927.43,244030.4,0.26,35.85,35.62,2.77,2,12.24,559.76,0.31,10.01,19.25,54.22,53.29,0.082777454,0.000134562,3.79E-05,3.85E-05,4.27E-05,4.22E-05,0.001464861,3.67E-06,0.119508451,0.120256399,9.33E-05,9.71E-05,8.03E-05,1.49E-06,9.81E-06,-1.73E-07,-1.47E-07,1.00E-06,0.000175038,7.91E-06,1.28E-05,0,2.01E-05,1.90E-05,1.246147758,0.219129163,0.0636356,0.068743581,0.255322507,15.86443703,1.70E-05,0.002330512,0.002315733,0.000180345,0.000130043,0.000795978,0.036389795,1.99E-05,0.000650458,0.00125141,0.003524778,0.003464071,30.23446522,0.049148629,0.013842784,0.014077005,0.015592425,0.015411093,0.535040597,0.001340564,43.65046178,43.92364979,0.034071058,0.035458035,0.029322956,0.000543997,0.003583473,-6.32E-05,-5.36E-05,0.000366982,0.063932614,0.002889119,0.004689816,0,0.007327053,0.006927328,455.1554684,80.03692676,23.24290304,25.10859298,93.25654576,5794.485626,0.006191205,0.851219496,0.845821619,0.065871143,0.047498288,0.290730843,13.29137265,0.007272723,0.237579949,0.457077391,1.287425314,1.265252035,0.607571072,0.780737641,0.92887074,0.753331008,1.222858825,1.180782376,0.767627615,0.885009569
2015,47_1000,16,recovery INV2016_Vo2,13/12/2015,30/12/2015,21/12/2015,17,354.5,87.75222309,3,S53,SAZ_2015_47S_1000m_Cup16,2761.37,2.18,0.49,0.5,1.32,1.3,3.31,0.05,1864.54,1870.73,1.41,1.69,1.31,0.02,0.15,0,0,0.02,3.25,0.13,0.21,0,0.28,0.26,0,19385.91,3355.67,936.5,2097.94,4008.5,244095.84,0.22,29.62,30.34,2.42,2.81,20.04,472.18,0.44,10.48,21.35,63.66,62.42,0.09853209,7.77E-05,1.74E-05,1.78E-05,4.69E-05,4.64E-05,0.000118045,1.77E-06,0.066531233,0.066752144,5.02E-05,6.02E-05,4.66E-05,8.01E-07,5.51E-06,-1.27E-07,-7.87E-08,6.50E-07,0.00011598,4.56E-06,7.44E-06,0,9.97E-06,9.35E-06,0.69173501,0.11973835,0.03341648,0.074859437,0.143032851,8.709913968,8.01E-06,0.001057011,0.001082667,8.64E-05,0.000100202,0.000715092,0.016848648,1.55E-05,0.000374025,0.000761715,0.002271593,0.00222739,35.98884602,0.028393527,0.006372739,0.00649074,0.017147789,0.016950021,0.043116023,0.00064736,24.30053269,24.38122065,0.018351536,0.022004308,0.017010011,0.000292696,0.002013276,-4.62E-05,-2.87E-05,0.000237321,0.042361869,0.001665946,0.002716671,0,0.003642034,0.00341611,252.6562123,43.73443224,12.20536941,27.34240955,52.24274899,3181.296077,0.002926964,0.386073125,0.395444024,0.031555835,0.036598914,0.261187356,6.153968538,0.005677255,0.136612742,0.278216485,0.829699325,0.813554219,0.27556566,0.409982837,0.430071555,0.434391563,0.708365629,1.085979124,0.387502904,0.45599642
2015,47_1000,17,recovery INV2016_Vo2,30/12/2015,16/1/2016,7/1/2016,17,6.5,80.9065786,3,S54,SAZ_2015_47S_1000m_Cup17,30915.27,2.63,0.76,0.79,1.9,1.84,18,0.05,1649.39,1653.72,1.21,1.46,1.14,0.02,0.13,0,0,0.02,3.47,0.12,0.19,0,0.34,0.3,0,18719.32,3605.14,988.75,1780.02,16472.44,221941.43,0.25,29.05,28.59,2.69,3.12,17.41,510.03,0.47,11.02,24.47,91.08,90.67,1.428753193,0.000121646,3.53E-05,3.64E-05,8.76E-05,8.52E-05,0.000831771,2.34E-06,0.076226891,0.076427085,5.59E-05,6.73E-05,5.26E-05,9.62E-07,6.18E-06,-1.69E-07,-1.36E-07,8.26E-07,0.000160486,5.66E-06,8.68E-06,0,1.56E-05,1.37E-05,0.865115807,0.16661199,0.045695041,0.082264019,0.7612759,10.25705134,1.16E-05,0.001342343,0.001321277,0.000124481,0.000144025,0.000804462,0.023571138,2.17E-05,0.000509276,0.001130957,0.004209348,0.004190194,521.8521038,0.044431259,0.012910146,0.013302473,0.031995904,0.031107962,0.303804492,0.000854623,27.84187176,27.91499288,0.020416006,0.024594998,0.019229029,0.000351512,0.002259005,-6.16E-05,-4.96E-05,0.000301534,0.058617509,0.002066698,0.003169437,0,0.005708138,0.005014458,315.9835484,60.85502947,16.69011383,30.04693282,278.0560223,3746.388003,0.004233135,0.490290669,0.482596559,0.045466636,0.052605158,0.29382972,8.609357978,0.007911515,0.186013052,0.413082183,1.537464336,1.530468252,0.349952543,0.560627047,0.60166703,0.538886623,0.826423399,1.109557313,0.512783311,0.584667505
2015,47_1000,18,recovery INV2016_Vo2,16/1/2016,2/2/2016,24/1/2016,17,23.5,73.67291582,3,S55,SAZ_2015_47S_1000m_Cup18,18254.84,2.41,0.77,0.76,1.1,1.03,6.6,0.02,842.95,856.41,0.6,0.76,0.55,0.01,0.07,0,0,0.01,2.38,0.06,0.09,0,0.27,0.24,0,18730.21,3648.88,494.36,3591.49,28320.28,213142.05,0.15,15.43,16.03,1.9,1.28,8.68,308.37,0.26,6.28,13.34,64.37,62.39,0.995978149,0.000131436,4.21E-05,4.13E-05,6.02E-05,5.63E-05,0.000360358,1.25E-06,0.045991228,0.046725699,3.27E-05,4.17E-05,2.97E-05,5.70E-07,3.85E-06,-1.71E-07,-1.09E-07,4.98E-07,0.00012981,3.27E-06,5.17E-06,0,1.48E-05,1.30E-05,1.021913862,0.199081701,0.02697201,0.195950594,1.545145103,11.62895833,8.31E-06,0.00084209,0.000874841,0.000103632,6.99E-05,0.000473409,0.016824722,1.42E-05,0.000342732,0.00072769,0.00351218,0.003403709,363.7810189,0.048006872,0.015375223,0.015084924,0.021970906,0.020548533,0.131620729,0.000457065,16.79829588,17.06656153,0.011959585,0.015221691,0.01086104,0.000208238,0.001406491,-6.24E-05,-4.00E-05,0.000181767,0.047413039,0.001195534,0.00188738,0,0.00540266,0.004747128,373.2540381,72.71459141,9.851526764,71.57095455,564.3642488,4247.477031,0.003033573,0.307573277,0.319535509,0.037851725,0.02552684,0.172912798,6.145229863,0.005172428,0.125182989,0.265788849,1.282823869,1.243204766,0.21953518,0.330916399,0.429460851,0.311732645,0.492130053,0.591849813,0.322911269,0.368010621
2015,47_1000,19,recovery INV2016_Vo2,2/2/2016,19/2/2016,10/2/2016,17,40.5,86.94366442,3,S56,SAZ_2015_47S_1000m_Cup19,14992.2,1.19,0.74,0.75,1.17,1.11,11.25,0.02,775.49,774.65,0.53,0.66,0.47,0.01,0.06,0,0,0.01,2.71,0.05,0.08,0,0.24,0.23,0,12431.71,2913.4,451.77,2694.73,8752.54,247395.16,0.14,15.76,15.27,1.53,1.31,6.28,248.92,0.18,4.5,11.04,65.01,62.51,0.517016592,4.10E-05,2.57E-05,2.59E-05,4.04E-05,3.83E-05,0.000387793,7.72E-07,0.026743371,0.02671433,1.82E-05,2.29E-05,1.64E-05,3.14E-07,2.21E-06,-8.62E-08,-7.22E-08,4.64E-07,9.35E-05,1.66E-06,2.90E-06,0,8.37E-06,7.99E-06,0.428716423,0.100470727,0.01557945,0.092929601,0.301837507,8.531598818,4.75E-06,0.000543546,0.000526671,5.27E-05,4.51E-05,0.000216697,0.008584018,6.38E-06,0.00015532,0.000380833,0.00224194,0.00215581,188.8403102,0.014988547,0.009376132,0.009472552,0.014768397,0.013972516,0.141641292,0.000282014,9.768016288,9.757408991,0.006631232,0.008346168,0.005977472,0.000114812,0.000808143,-3.15E-05,-2.64E-05,0.000169431,0.034156029,0.000606721,0.001058389,0,0.003055352,0.002918233,156.5886736,36.69693311,5.690394239,33.94253672,110.2461495,3116.166468,0.001735557,0.198530108,0.192366484,0.019252756,0.016486119,0.079148421,3.135312693,0.002328567,0.056730532,0.139099264,0.818868562,0.787409501,0.141703933,0.19114243,0.219112073,0.158201176,0.27597244,0.514821592,0.177539903,0.206982719
2015,47_1000,20,recovery INV2016_Vo2,19/2/2016,7/3/2016,27/2/2016,17,57.5,85.64780377,3,S57,SAZ_2015_47S_1000m_Cup20,1247.02,2.31,1.45,1.48,1.56,1.49,15.05,0.16,1687.52,1705.78,1.67,2.57,1.55,0.03,0.2,0,0,0.03,5.85,0.22,0.39,0,0.43,0.41,0,16446.36,3742.75,2372.38,2175.11,4696.52,192803.95,0.45,96.9,97.77,5.64,4.04,41.11,1242.58,0.79,16.28,27.43,105.13,103.86,0.026411628,4.90E-05,3.07E-05,3.12E-05,3.31E-05,3.15E-05,0.000318697,3.43E-06,0.035741368,0.036128236,3.54E-05,5.44E-05,3.29E-05,6.17E-07,4.22E-06,-7.74E-08,-5.86E-08,6.06E-07,0.000123959,4.68E-06,8.25E-06,0,9.02E-06,8.67E-06,0.348331198,0.079270903,0.050246667,0.046068488,0.099471545,4.083555339,9.52E-06,0.002052397,0.002070729,0.000119531,8.57E-05,0.00087072,0.026317625,1.66E-05,0.00034487,0.00058099,0.002226536,0.002199767,9.64684725,0.01789482,0.011201225,0.011410947,0.012072348,0.011516803,0.116404079,0.001252761,13.05453481,13.19583811,0.012936705,0.019854348,0.012010665,0.000225242,0.00154088,-2.83E-05,-2.14E-05,0.000221263,0.045276079,0.001709912,0.003012914,0,0.003293339,0.003166922,127.22797,28.95369733,18.35259499,16.82651509,36.33198188,1491.518588,0.003476531,0.749638033,0.756333617,0.043658792,0.031288775,0.318030511,9.612512532,0.006078357,0.125963742,0.212206451,0.813242305,0.803464961,0.535065732,0.616470399,0.671772725,0.445855715,0.785610251,2.678449691,0.567291143,0.652229777
2015,47_1000,21,recovery INV2016_Vo2,7/3/2016,18/3/2016,12/3/2016,11,71.5,85.6601078,3,S58,SAZ_2015_47S_1000m_Cup21,1076.76,2.14,1.9,1.96,0.74,0.71,2.46,0.15,1536.83,1540.54,1.45,2.21,1.37,0.03,0.18,0,0,0.03,133.99,0.19,0.34,0,0.58,0.57,0,13402.57,3790.45,2127.73,5547.15,4361.8,200350.87,0.41,75.42,75.71,7.06,17.05,53.59,2829.48,0.74,14.98,55.18,12048.71,11891.13,0.02134214,4.24E-05,3.76E-05,3.89E-05,1.46E-05,1.40E-05,4.88E-05,2.89E-06,0.030461238,0.030534754,2.88E-05,4.39E-05,2.72E-05,5.33E-07,3.62E-06,-7.37E-08,-5.85E-08,5.92E-07,0.002655727,3.86E-06,6.79E-06,0,1.15E-05,1.13E-05,0.265649306,0.075129751,0.042173331,0.109948788,0.086454221,3.971110404,8.17E-06,0.001494852,0.001500572,0.000139863,0.000337916,0.001062171,0.056082448,1.47E-05,0.000296827,0.001093703,0.238814898,0.235691376,7.795216479,0.015469755,0.013738755,0.014193911,0.005344104,0.005129303,0.017833679,0.001055488,11.1259673,11.15281893,0.010509701,0.016020831,0.009919739,0.000194802,0.001321397,-2.69E-05,-2.14E-05,0.000216283,0.970004145,0.001409144,0.002481694,0,0.004217318,0.004119738,97.02840906,27.44114151,15.40380929,40.15879484,31.57740436,1450.448075,0.002983514,0.545994855,0.548083981,0.051084895,0.123423991,0.387957883,20.48411424,0.005361881,0.108416058,0.399474927,87.22714146,86.08627524,0.389712267,0.517419606,1.431537196,0.367431011,0.647095933,3.413211017,0.67652502,0.74644125
2016,47_1000,1,recovery IN2017_V02,24/3/2016,10/4/2016,1/4/2016,17,91.5,84.92938074,4,S117,SAZ_2016_47S_1000m_Cup1,1955.61,1.83,0.89,0.95,0.98,0.96,4.72,0.16,1068.32,1088.9,1.3,2.01,1.19,0.02,0.18,0,0,0.03,2.84,0.18,0.32,0,1.47,1.42,0,3851.54,7583.31,2298.27,12386.38,4815.06,214106.04,0.49,82.76,80.34,5.87,4.06,34.39,1250.36,0.59,19.54,38.01,112.51,108.64,0.121977443,0.000114233,5.55E-05,5.93E-05,6.09E-05,6.00E-05,0.000294235,9.73E-06,0.06663475,0.067918261,8.11E-05,0.000125108,7.41E-05,1.53E-06,1.12E-05,2.43E-08,-1.12E-09,1.57E-06,0.000177337,1.10E-05,1.98E-05,0,9.18E-05,8.85E-05,0.240232452,0.472994371,0.143350194,0.77257684,0.300330154,13.35445935,3.05E-05,0.005162201,0.00501076,0.000366325,0.000253464,0.002144705,0.077988539,3.67E-05,0.001218897,0.002370982,0.007017636,0.006776083,44.55226122,0.041723446,0.020280917,0.021656391,0.022228192,0.021916403,0.107469277,0.003553494,24.33834242,24.80714476,0.029632336,0.04569566,0.027046851,0.000558294,0.004081397,8.86E-06,-4.08E-07,0.000571801,0.064772194,0.004014574,0.00723418,0,0.03352233,0.032340511,87.74490294,172.761194,52.3586585,282.1836906,109.6955889,4877.716278,0.01113098,1.885493862,1.830180018,0.133800252,0.092577694,0.78335353,28.48531391,0.013388917,0.445202044,0.866001252,2.563191445,2.474964164,1.345800387,1.75874655,1.990702939,1.046790983,1.886295767,2.461814447,1.535510215,1.745386411
2016,47_1000,2,recovery IN2017_V02,10/4/2016,27/4/2016,18/4/2016,17,108.5,90.23104893,4,S118,SAZ_2016_47S_1000m_Cup2,1497.63,1.31,0.45,0.45,1.52,1.52,2.44,0.05,1109.04,1135.6,0.85,1.26,0.82,0.02,0.12,0,0,0.01,1.92,0.09,0.16,0,1.34,1.3,0,3194.86,5209.62,824.64,9214.93,2906.29,247419.04,0.19,25.65,25.34,2.43,2.09,16.49,503.34,0.41,9.45,29.04,102.52,96.96,0.037334995,3.27E-05,1.11E-05,1.12E-05,3.78E-05,3.79E-05,6.08E-05,1.28E-06,0.027647638,0.028309814,2.13E-05,3.15E-05,2.05E-05,4.29E-07,3.05E-06,-6.40E-09,-1.26E-08,3.30E-07,4.78E-05,2.26E-06,4.02E-06,0,3.35E-05,3.23E-05,0.07964599,0.129872789,0.020557905,0.22972282,0.072452009,6.16801109,4.68E-06,0.000639493,0.000631823,6.05E-05,5.22E-05,0.00041105,0.012548036,1.01E-05,0.000235607,0.000723874,0.002555861,0.002417143,13.63660692,0.011939795,0.004067215,0.004100508,0.013824031,0.01382898,0.022213111,0.000469259,10.09829975,10.34015955,0.007765501,0.011488532,0.007501402,0.00015657,0.001113985,-2.34E-06,-4.61E-06,0.000120577,0.017462478,0.000826376,0.001469866,0,0.012222679,0.011794023,29.09069777,47.43603612,7.508774793,83.90625988,26.46309621,2252.866051,0.00170832,0.233574651,0.230773492,0.022099283,0.019053821,0.150136011,4.583170124,0.003689738,0.086055334,0.26439505,0.933528353,0.882861386,0.166717517,0.2522225,0.320295934,0.215475528,0.383264221,0.957414769,0.23867787,0.280625043
2016,47_1000,3,recovery IN2017_V02,27/4/2016,14/5/2016,5/5/2016,17,125.5,98.25355102,4,S119,SAZ_2016_47S_1000m_Cup3,1057.97,0.83,0.27,0.29,0.6,0.6,1.44,0.02,926.07,937.12,0.56,0.7,0.51,0.01,0.08,0,0,0,1.28,0.05,0.08,0,0.13,0.12,0,1644.58,1119.05,377.56,652.92,1689.7,298860.78,0.1,17.2,17.36,1.12,1.14,3.82,215.96,0.16,3.53,8.97,44.59,44.53,0.021815581,1.72E-05,5.63E-06,5.99E-06,1.23E-05,1.24E-05,2.97E-05,4.28E-07,0.019095733,0.019323485,1.16E-05,1.45E-05,1.05E-05,2.27E-07,1.60E-06,-1.90E-08,-1.25E-08,6.80E-08,2.64E-05,9.72E-07,1.73E-06,0,2.67E-06,2.55E-06,0.033911594,0.023074943,0.007785288,0.013463403,0.034841904,6.162559558,2.08E-06,0.000354696,0.000357898,2.31E-05,2.35E-05,7.88E-05,0.004453056,3.35E-06,7.28E-05,0.000184862,0.000919355,0.000918189,7.968141111,0.006269093,0.002056564,0.002188347,0.004482119,0.004511112,0.010846096,0.000156257,6.974716486,7.057903024,0.004241145,0.005284488,0.00384542,8.28E-05,0.000582856,-6.92E-06,-4.58E-06,2.49E-05,0.009625035,0.000355073,0.000630675,0,0.000975925,0.000932269,12.38620989,8.428122749,2.84357639,4.917508053,12.72600529,2250.874878,0.000757939,0.129552602,0.13072208,0.00844878,0.00858621,0.02877608,1.626478798,0.001224826,0.026579826,0.067520959,0.335794477,0.33536863,0.092470172,0.095516774,0.113666858,0.092584539,0.164446935,0.477976637,0.098559586,0.116525185
2016,47_1000,4,recovery IN2017_V02,14/5/2016,31/5/2016,22/5/2016,17,142.5,95.88039914,4,S120,SAZ_2016_47S_1000m_Cup4,1178.05,1.29,0.56,0.57,1,0.99,1.85,0.07,1154.76,1177.99,0.92,1.3,0.83,0.02,0.13,0,0,0.01,2.01,0.1,0.18,0,0.19,0.18,0,1877.02,1692.18,1067.01,1147.55,2517.11,308449.25,0.26,48.1,50.54,2.85,2.01,10.49,558.33,0.53,9.64,15.76,81.27,79.69,0.03096597,3.39E-05,1.47E-05,1.50E-05,2.63E-05,2.60E-05,4.87E-05,1.80E-06,0.030353639,0.030964271,2.41E-05,3.41E-05,2.19E-05,3.98E-07,3.32E-06,3.02E-08,2.06E-08,3.77E-07,5.28E-05,2.74E-06,4.84E-06,0,4.92E-06,4.80E-06,0.049338879,0.04448011,0.028047025,0.030164278,0.066163913,8.107808727,6.86E-06,0.001264467,0.001328369,7.49E-05,5.28E-05,0.000275659,0.014676172,1.39E-05,0.00025349,0.000414208,0.002136274,0.002094814,11.31032041,0.012388128,0.005380818,0.005461186,0.009618308,0.009506845,0.017773729,0.000655859,11.08666677,11.30969995,0.008793581,0.01246419,0.007991337,0.000145428,0.001214128,1.10E-05,7.53E-06,0.000137773,0.019283975,0.001000228,0.001768571,0,0.001795812,0.001752784,18.02102554,16.24636023,10.24417602,11.01750259,24.16636926,2961.377138,0.002505276,0.46184668,0.485186839,0.027365726,0.019290194,0.100684632,5.360471924,0.00507322,0.092587095,0.151289579,0.780274088,0.76513097,0.329650206,0.344105631,0.374617856,0.260807172,0.461150744,1.245144844,0.327295216,0.377381109
2016,47_1000,5,recovery IN2017_V02,31/5/2016,17/6/2016,8/6/2016,17,159.5,93.233637,4,S121,SAZ_2016_47S_1000m_Cup5,1190.96,1.97,0.72,0.77,0.93,0.92,1.78,0.11,1617.19,1660.93,1.38,2.2,1.3,0.03,0.17,0,0,0.02,2.49,0.16,0.29,0,0.33,0.32,0,2232.97,2204.07,1807.41,1289.25,3073.12,269567.42,0.36,79.41,79.21,4.25,3.24,18.3,970.32,0.55,16.08,30.02,86.72,82.52,0.047640583,7.88E-05,2.90E-05,3.10E-05,3.72E-05,3.67E-05,7.11E-05,4.40E-06,0.064690427,0.066439962,5.53E-05,8.81E-05,5.21E-05,1.00E-06,6.91E-06,6.52E-08,1.86E-08,7.50E-07,9.98E-05,6.56E-06,1.16E-05,0,1.32E-05,1.29E-05,0.08932266,0.088166442,0.072299294,0.051572134,0.122929848,10.78314972,1.45E-05,0.003176457,0.003168429,0.000170193,0.000129737,0.000732025,0.038814533,2.20E-05,0.000643374,0.001201027,0.003468808,0.003300984,17.40072287,0.028765338,0.01058037,0.011304551,0.013581554,0.013390274,0.025975903,0.001607172,23.62817858,24.26719625,0.020195167,0.032194959,0.019021374,0.000365619,0.002525455,2.38E-05,6.81E-06,0.000273861,0.036446871,0.002395606,0.004221561,0,0.004821699,0.00469376,32.62510166,32.20279312,26.40731721,18.83672195,44.90012701,3938.545436,0.005293009,1.160200792,1.15726878,0.062163029,0.047386508,0.267372102,14.17700822,0.008024565,0.234992216,0.438675287,1.266982069,1.205684385,0.828111247,0.887031474,0.990763592,0.624648622,1.100762231,2.081509376,0.832638734,0.951667136
2016,47_1000,6,recovery IN2017_V02,17/6/2016,4/7/2016,25/6/2016,17,176.5,90.26268119,4,S122,SAZ_2016_47S_1000m_Cup6,815.81,1.32,0.52,0.52,1.59,1.6,1.22,0.07,1189.92,1224.92,0.95,1.49,0.89,0.02,0.12,0,0,0.01,3.11,0.1,0.19,0,0.21,0.21,0,2816.07,1877.39,1195.38,1359.72,2887.99,187091.96,0.21,49.28,50.19,3.39,2.96,16.02,641.55,0.46,9.86,24.49,232.83,225.66,0.006368803,1.03E-05,4.03E-06,4.08E-06,1.24E-05,1.25E-05,9.56E-06,5.73E-07,0.009289412,0.009562622,7.39E-06,1.16E-05,6.95E-06,1.33E-07,9.69E-07,1.60E-08,9.51E-09,9.03E-08,2.43E-05,8.06E-07,1.49E-06,0,1.63E-06,1.60E-06,0.021984269,0.014656229,0.009332018,0.010614969,0.022545728,1.460575048,1.66E-06,0.000384676,0.000391828,2.65E-05,2.31E-05,0.000125049,0.00500839,3.60E-06,7.70E-05,0.000191193,0.001817603,0.001761645,2.326205356,0.003775384,0.001470505,0.001489452,0.004538179,0.004555197,0.003491879,0.000209295,3.392957685,3.492747808,0.002697504,0.004244675,0.002537682,4.84E-05,0.00035403,5.84E-06,3.47E-06,3.30E-05,0.008870923,0.000294572,0.000543325,0,0.000595538,0.000584553,8.029754239,5.353187679,3.408519739,3.877117287,8.234827036,533.4750362,0.000607886,0.140503038,0.14311528,0.009661087,0.008428649,0.04567407,1.829314536,0.00131384,0.028121169,0.069833367,0.663879436,0.643440962,0.100286215,0.114493429,0.127842082,0.076809081,0.141670847,1.343171848,0.104857701,0.121073143
2016,47_1000,8,recovery IN2017_V02,21/7/2016,7/8/2016,29/7/2016,17,210.5,91.14926093,4,S123,SAZ_2016_47S_1000m_Cup8,1175.61,2.35,0.8,0.82,1.04,1.03,1.45,0.15,1989.57,2027.59,1.68,2.96,1.6,0.03,0.21,0,0,0.03,3.77,0.2,0.37,0,0.37,0.38,0,3440.02,2665.25,2384.43,1412.11,3561.43,248220.54,0.48,94.23,97.79,5.6,4.76,56.84,1270.49,1.12,25.81,43.66,76.29,72.69,0.024881366,4.97E-05,1.69E-05,1.73E-05,2.21E-05,2.19E-05,3.06E-05,3.16E-06,0.042108745,0.042913398,3.56E-05,6.27E-05,3.39E-05,6.41E-07,4.42E-06,5.60E-08,4.63E-08,6.29E-07,7.98E-05,4.26E-06,7.80E-06,0,7.92E-06,8.00E-06,0.072806976,0.056409331,0.050465755,0.029886921,0.075376666,5.2535147,1.03E-05,0.001994288,0.002069778,0.000118499,0.000100679,0.001203046,0.026889642,2.38E-05,0.000546326,0.000923951,0.001614554,0.001538362,9.08791903,0.018141278,0.006155567,0.006335368,0.00807765,0.007999266,0.01117958,0.001152729,15.38021902,15.67411856,0.012999875,0.022917508,0.012388776,0.000234038,0.001613004,2.04E-05,1.69E-05,0.00022958,0.029128798,0.001555737,0.002850433,0,0.002892615,0.002920644,26.59274788,20.60350798,18.43261697,10.91619792,27.53132738,1918.846244,0.00374572,0.72841387,0.755986502,0.043281773,0.03677292,0.439412402,9.821441612,0.008689491,0.199545511,0.337472939,0.589715975,0.561886644,0.519916658,0.619158367,0.686373784,0.405654778,0.743243719,2.635405849,0.557775897,0.642173132
2016,47_1000,9,recovery IN2017_V02,7/8/2016,24/8/2016,15/8/2016,17,227.5,91.51761201,4,S124,SAZ_2016_47S_1000m_Cup9,1211.94,2.76,0.85,0.89,1.48,1.48,1.25,0.18,2327.24,2369.62,1.95,3.6,1.85,0.03,0.26,0,0,0.03,4.74,0.24,0.45,0,0.38,0.38,0,4501.69,2905.25,2809.51,1069.43,3761.25,247080.44,0.52,114.65,113.49,6.42,5.32,66.22,1538.97,1.22,29.85,50.92,96.07,90.31,0.017747273,4.04E-05,1.25E-05,1.31E-05,2.17E-05,2.17E-05,1.84E-05,2.66E-06,0.034079401,0.034699939,2.85E-05,5.26E-05,2.71E-05,4.94E-07,3.83E-06,6.78E-08,5.14E-08,4.77E-07,6.94E-05,3.55E-06,6.53E-06,0,5.62E-06,5.60E-06,0.065921329,0.042543658,0.04114166,0.015660408,0.055078537,3.618171277,7.69E-06,0.001678832,0.001661879,9.40E-05,7.79E-05,0.0009697,0.022536138,1.79E-05,0.00043705,0.00074568,0.001406867,0.001322529,6.482191558,0.014754747,0.004566349,0.004767355,0.007917752,0.007914133,0.006710044,0.000971901,12.4475012,12.67415269,0.010408336,0.019228388,0.009889673,0.000180404,0.001399805,2.48E-05,1.88E-05,0.00017428,0.025350447,0.001297785,0.00238507,0,0.002053397,0.002045698,24.07776541,15.5390709,15.02699142,5.719964015,20.1174357,1321.537059,0.002807684,0.613193405,0.607001189,0.034333365,0.02843709,0.354182975,8.231324543,0.006522123,0.159632622,0.272359525,0.513858193,0.483053851,0.43767627,0.504762155,0.575248074,0.338394445,0.621901399,3.168736835,0.464020236,0.534896975
2017,46_1000,1,Pickup 10/03/2018 INV18_02,30/3/2017,15/4/2017,7/4/2017,16,96,94.02028912,2,S26,SAZ_2017_46S_1000m_Cup1,1170.57,1.56,1.03,1.02,0.42,0.37,3.16,0.1,808.82,819.33,0.97,1.47,0.84,0.02,0.15,0,0,0.02,1.65,0.12,0.17,0,0.32,0.27,0,2251.9,2421.84,1552.05,1366.81,3159.79,306718.93,0.3,59.84,61.13,3.62,2.97,5.8,776.2,0.62,15.11,18.12,86.78,84.29,0.043484747,5.79E-05,3.83E-05,3.77E-05,1.57E-05,1.37E-05,0.000117314,3.71E-06,0.030046286,0.030436797,3.60E-05,5.44E-05,3.14E-05,7.43E-07,5.52E-06,-8.86E-08,-1.01E-07,8.31E-07,6.13E-05,4.38E-06,6.29E-06,0,1.19E-05,1.02E-05,0.083654225,0.089966907,0.057655805,0.050774679,0.117380377,11.39406071,1.11E-05,0.002223087,0.002271014,0.000134621,0.000110514,0.000215426,0.028834391,2.30E-05,0.000561462,0.000673046,0.003223789,0.003131274,15.88280393,0.021144841,0.014004226,0.013785859,0.005719997,0.005017298,0.042849054,0.001354691,10.97440592,11.11703996,0.013152733,0.019884165,0.011465185,0.000271324,0.002016653,-3.23E-05,-3.70E-05,0.000303484,0.022378074,0.001599578,0.002298804,0,0.004344595,0.00372875,30.55470555,32.86041293,21.0587826,18.5454514,42.87318256,4161.680674,0.004068146,0.811982661,0.829487729,0.049170337,0.040365222,0.078684418,10.53176118,0.008383389,0.205074173,0.24583014,1.177489027,1.14369776,0.579565174,0.707372234,0.736014635,0.41708633,0.599407953,1.64209668,0.610009593,0.655589999
2017,46_1000,2,Pickup 10/03/2018 INV18_02,15/4/2017,1/5/2017,23/4/2017,16,112,96.74701345,2,S27,SAZ_2017_46S_1000m_Cup2,1307.55,1.53,1.06,1.07,0.22,0.17,0.62,0.08,1074.1,1102.48,0.97,1.27,0.8,0.02,0.14,-0.01,-0.01,0.01,1.63,0.11,0.16,0,0.26,0.22,0,3699.23,1920.98,1333.94,739.17,2759.48,364478.47,0.32,61.33,68.77,3.04,2.87,-0.69,619.54,0.36,10.7,14.98,46.24,46.59,0.037905046,4.43E-05,3.09E-05,3.10E-05,6.26E-06,4.82E-06,1.80E-05,2.27E-06,0.031137265,0.03196004,2.81E-05,3.69E-05,2.33E-05,5.22E-07,3.93E-06,-2.33E-07,-2.34E-07,3.35E-07,4.72E-05,3.33E-06,4.57E-06,0,7.56E-06,6.51E-06,0.107237953,0.055687904,0.038670062,0.021427902,0.079995398,10.56597064,9.27E-06,0.00177792,0.001993601,8.82E-05,8.33E-05,-2.01E-05,0.017959978,1.05E-05,0.00031013,0.000434161,0.00134059,0.001350509,13.84481809,0.016188846,0.011273355,0.011335813,0.002287488,0.001758942,0.00657083,0.00083055,11.37288603,11.67340467,0.010265224,0.013489086,0.008509656,0.000190501,0.001435461,-8.49E-05,-8.56E-05,0.000122365,0.017229316,0.001216395,0.001667847,0,0.002762148,0.002378418,39.16866247,20.34000689,14.12424014,7.826541348,29.2183191,3859.220775,0.003385479,0.649385266,0.72816289,0.032230311,0.030424464,-0.007347644,6.559882136,0.00382145,0.113274932,0.15857745,0.489650412,0.493273462,0.463508771,0.474438409,0.458438924,0.317172141,0.434887238,1.47775135,0.428389561,0.457818335
2017,46_1000,3,Pickup 10/03/2018 INV18_02,1/5/2017,17/5/2017,9/5/2017,16,128,97.68908288,2,S28,SAZ_2017_46S_1000m_Cup3,1217.13,0.62,0.56,0.57,0.17,0.12,0.33,0.02,497.57,504.4,0.44,0.52,0.34,0,0.05,-0.01,-0.01,0,0.91,0.04,0.06,0,0.18,0.15,0,1634.48,1689.08,448.07,330.45,941.74,415781.37,0.41,28.27,30.5,0.51,1.81,-5.21,121.73,0,1.31,10.04,22.52,21.21,0.014203515,7.24E-06,6.50E-06,6.66E-06,2.02E-06,1.45E-06,3.82E-06,2.51E-07,0.005806498,0.005886225,5.14E-06,6.03E-06,4.02E-06,5.28E-08,6.30E-07,-1.29E-07,-1.23E-07,5.14E-08,1.06E-05,4.76E-07,7.14E-07,0,2.05E-06,1.75E-06,0.019073792,0.019710981,0.00522876,0.003856285,0.010989789,4.852020056,4.79E-06,0.000329854,0.000355938,5.99E-06,2.11E-05,-6.08E-05,0.001420584,4.86E-08,1.53E-05,0.000117165,0.000262752,0.00024748,5.187833964,0.002645107,0.002373673,0.002432273,0.000737525,0.00052842,0.001395814,9.16E-05,2.120823519,2.149943718,0.001876439,0.002202236,0.001467719,1.93E-05,0.000230164,-4.73E-05,-4.50E-05,1.88E-05,0.003869823,0.000173994,0.000260841,0,0.00075013,0.000639942,6.966702456,7.199435963,1.90980454,1.408507954,4.014020317,1772.200325,0.001747798,0.120479346,0.130006281,0.002187448,0.00771558,-0.022216677,0.518868331,1.78E-05,0.005591859,0.042794578,0.095970055,0.090392221,0.085993996,0.064151035,0.036261237,0.045368456,0.06801376,0.496533456,0.057943681,0.063605007
2017,46_1000,4,Pickup 10/03/2018 INV18_02,17/5/2017,2/6/2017,25/5/2017,16,144,97.04745579,2,S29,SAZ_2017_46S_1000m_Cup4,1256.27,1.29,2,1.97,0.19,0.16,0.73,0.07,987.9,1027.55,0.9,1.33,0.72,0.01,0.11,-0.01,0,0.01,1.38,0.11,0.16,0,0.21,0.18,0,1825,1703.08,1263.35,557.72,2312.01,370934.02,0.35,63.67,67.43,2.55,3.56,10.9,642.6,0.47,14.19,14.81,19.35,18.41,0.046888001,4.83E-05,7.45E-05,7.35E-05,7.00E-06,5.93E-06,2.74E-05,2.74E-06,0.036871651,0.038351284,3.37E-05,4.96E-05,2.70E-05,4.94E-07,4.24E-06,-2.53E-07,-1.75E-07,4.94E-07,5.15E-05,4.29E-06,6.07E-06,0,7.94E-06,6.80E-06,0.068114862,0.063564453,0.047152146,0.020815916,0.086291627,13.84445007,1.32E-05,0.00237651,0.002516738,9.51E-05,0.000132872,0.000406926,0.023984,1.74E-05,0.00052965,0.000552607,0.000722169,0.000687171,17.12584233,0.017653233,0.027212712,0.026857284,0.002558119,0.002166431,0.010015137,0.001000373,13.46737063,14.00780639,0.012293772,0.018108892,0.009869295,0.000180507,0.001548509,-9.25E-05,-6.38E-05,0.000180507,0.018824079,0.001566024,0.002218085,0,0.002900975,0.002484342,24.87895333,23.21691639,17.22232141,7.603013251,31.51801675,5056.685389,0.004832193,0.868020369,0.919238508,0.034732788,0.04853151,0.148629745,8.76015591,0.006359949,0.193454525,0.201839851,0.263772351,0.250989282,0.619562955,0.578504095,0.61220558,0.408337174,0.578360678,1.486079003,0.554652451,0.597158327
2017,46_1000,5,Pickup 10/03/2018 INV18_02,2/6/2017,18/6/2017,10/6/2017,16,160,91.36415792,1,S3,SAZ_2017_46S_1000m_Cup5,1202.97,2.02,3.34,3.41,0.49,0.49,2.68,0.14,1186.31,1200.29,1.24,2.07,1.14,0.03,0.19,0,0,0.03,2.36,0.17,0.29,0,0.34,0.32,0,4801.18,3043.04,1947.97,1479.19,4660.34,282559.61,0.36,64.88,69.43,4.1,3.42,15.17,1088.68,0.75,18.89,24.81,87.28,88.81,0.121450517,0.0002042,0.000337195,0.000344296,4.97E-05,4.94E-05,0.000270328,1.46E-05,0.119768323,0.121180095,0.000125591,0.000208641,0.000115041,2.83E-06,1.94E-05,3.77E-07,3.55E-07,3.10E-06,0.000238392,1.75E-05,2.98E-05,0,3.40E-05,3.20E-05,0.484722101,0.307222118,0.196664767,0.149337241,0.470503392,28.52691508,3.59E-05,0.00655059,0.00700986,0.000413438,0.000345722,0.001531632,0.109911586,7.54E-05,0.001907208,0.00250437,0.008811381,0.008966356,44.35980151,0.074583941,0.123160604,0.125754224,0.01816311,0.018041977,0.098737198,0.005335799,43.74538009,44.2610298,0.045872195,0.076205982,0.04201879,0.001031917,0.0070984,0.000137881,0.000129787,0.001133852,0.087072536,0.006396423,0.010877296,0,0.012404813,0.011682946,177.0447473,112.2128788,71.83180626,54.5454274,171.8513638,10419.45573,0.013105688,2.392603134,2.560351464,0.151008192,0.126275096,0.559428585,40.14520693,0.027552069,0.696607718,0.914721139,3.218357031,3.274961391,1.707757467,2.412856728,2.805557336,1.667852656,2.836229895,2.128099097,2.148506047,2.440600357
2017,46_1000,6,Pickup 10/03/2018 INV18_02,18/6/2017,4/7/2017,26/6/2017,16,176,97.6801889,2,S30,SAZ_2017_46S_1000m_Cup6,1030.58,1.31,2.94,3.01,0.93,0.9,2.65,0.09,887.69,913.5,0.94,1.48,0.76,0.01,0.11,-0.01,-0.01,0.01,1.61,0.12,0.18,0,0.79,0.67,0,5337.34,2907.04,1441.1,3362.61,3962.65,298209.21,0.33,45.19,46.68,4.08,4.32,-0.02,743.06,0.54,8.95,29.11,158.3,149.26,0.015591205,1.99E-05,4.44E-05,4.55E-05,1.41E-05,1.36E-05,4.01E-05,1.41E-06,0.013429516,0.013820017,1.42E-05,2.24E-05,1.15E-05,2.05E-07,1.69E-06,-1.30E-07,-1.06E-07,1.97E-07,2.44E-05,1.83E-06,2.65E-06,0,1.20E-05,1.01E-05,0.080746366,0.043979287,0.021801837,0.05087144,0.059949173,4.511479409,4.95E-06,0.000683623,0.000706156,6.17E-05,6.53E-05,-3.23E-07,0.011241361,8.11E-06,0.000135375,0.000440387,0.002394821,0.002258115,5.694687502,0.007253192,0.01621802,0.016626932,0.005163472,0.004964216,0.014631641,0.000514203,4.90513062,5.047761087,0.005198369,0.008175567,0.004187343,7.48E-05,0.00061769,-4.75E-05,-3.86E-05,7.21E-05,0.008919162,0.000669155,0.000968411,0,0.004387205,0.00369038,29.49261028,16.06343448,7.96312104,18.58079343,21.89643537,1647.817854,0.001806712,0.249693274,0.257923521,0.022530302,0.023857152,-0.000118047,4.105907191,0.002963425,0.049445862,0.160851451,0.874708465,0.824776502,0.178222434,0.267484158,0.286942301,0.174480549,0.252510952,1.499033543,0.22678236,0.246289961
2017,46_1000,7,Pickup 10/03/2018 INV18_02,4/7/2017,20/7/2017,12/7/2017,16,192,93.8952867,2,S31,SAZ_2017_46S_1000m_Cup7,872.49,1.69,8.07,8.1,0.38,0.36,6.81,0.11,1076.64,1074.86,1.12,1.42,0.89,0.02,0.12,-0.02,-0.02,0.02,3.27,0.14,0.2,0,0.73,0.63,0,7478.52,3391.63,1836.04,2613.42,5420.29,211497.93,0.33,66.78,68.16,4.73,6.45,-6.46,1006.75,1.65,21.96,32.82,71.35,67.67,0.005926702,1.15E-05,5.48E-05,5.51E-05,2.59E-06,2.42E-06,4.62E-05,7.61E-07,0.007313456,0.007301372,7.58E-06,9.63E-06,6.07E-06,1.26E-07,8.02E-07,-1.02E-07,-1.12E-07,1.34E-07,2.22E-05,9.37E-07,1.35E-06,0,4.94E-06,4.28E-06,0.050800507,0.02303886,0.012471949,0.017752556,0.03681923,1.436675254,2.21E-06,0.000453597,0.000463029,3.21E-05,4.38E-05,-4.39E-05,0.006838714,1.12E-05,0.000149141,0.000222971,0.00048464,0.000459677,2.164727918,0.00419593,0.020010428,0.020107913,0.000946719,0.000882558,0.016886508,0.000277885,2.67123996,2.666826013,0.002769577,0.003518621,0.00221828,4.58E-05,0.000292852,-3.74E-05,-4.09E-05,4.89E-05,0.008106006,0.000342413,0.00049251,0,0.001803766,0.001563908,18.55488516,8.414943468,4.555379468,6.484121087,13.44822391,524.7456364,0.00080646,0.165676172,0.169121471,0.01173762,0.016012786,-0.016028582,2.497840184,0.004101908,0.054473702,0.081440188,0.177014835,0.167896904,0.118253928,0.153016868,0.174562156,0.089283449,0.128420907,1.969408414,0.1337791,0.143563465
2017,46_1000,8,Pickup 10/03/2018 INV18_02,20/7/2017,5/8/2017,28/7/2017,16,208,94.598002,2,S32,SAZ_2017_46S_1000m_Cup8,929.45,1.97,10.59,10.59,0.62,0.57,29.64,0.12,1271.25,1288.41,1.28,1.71,1,0.02,0.16,-0.01,-0.01,0.06,3.17,0.16,0.22,0,2.84,2.46,0,7992.89,4093.51,2132.49,5447.89,7343.5,186787.56,0.44,63.37,67.73,5.93,9.02,2.21,948.38,1.81,28.44,34.95,135.92,130.17,0.007357582,1.56E-05,8.38E-05,8.38E-05,4.89E-06,4.51E-06,0.000234604,9.79E-07,0.010063337,0.010199124,1.01E-05,1.36E-05,7.95E-06,1.62E-07,1.30E-06,-9.88E-08,-1.09E-07,4.65E-07,2.51E-05,1.29E-06,1.78E-06,0,2.25E-05,1.94E-05,0.063272318,0.032404514,0.016880927,0.043125891,0.058131685,1.478623706,3.49E-06,0.000501672,0.000536171,4.70E-05,7.14E-05,1.75E-05,0.00750746,1.43E-05,0.000225155,0.000276675,0.001075976,0.001030402,2.687356722,0.005695212,0.030605052,0.030624856,0.001784784,0.001648367,0.085689012,0.000357513,3.675633697,3.725230104,0.003695196,0.0049513,0.0029035,5.91E-05,0.000473557,-3.61E-05,-3.97E-05,0.000169659,0.009174572,0.000470703,0.00064861,0,0.008225868,0.007102779,23.11021407,11.83574874,6.165758625,15.75173177,21.23259803,540.0673087,0.00127487,0.18323557,0.195836525,0.017157044,0.026070811,0.006397705,2.742099823,0.005238711,0.082237833,0.101055608,0.393000194,0.376354272,0.13078722,0.207110095,0.191632298,0.12273466,0.16912365,2.059936797,0.163066068,0.174663316
2017,46_1000,9,Pickup 10/03/2018 INV18_02,5/8/2017,21/8/2017,13/8/2017,16,224,91.02402867,2,S33,SAZ_2017_46S_1000m_Cup9,1237.55,1.99,3.49,3.57,1.05,1.01,12.7,0.14,1391.03,1411.46,1.39,1.64,1.09,0.02,0.17,-0.01,-0.01,0.04,3.03,0.17,0.25,0,1.51,1.31,0,22520.15,5299.61,2254.47,2282.45,8701.2,257397.56,0.48,65.52,69.02,5.73,5.93,6.28,1253.34,1.84,21.62,41.17,127.53,125.57,0.015341215,2.47E-05,4.33E-05,4.43E-05,1.30E-05,1.25E-05,0.000157454,1.69E-06,0.017243806,0.01749711,1.72E-05,2.03E-05,1.35E-05,2.93E-07,2.09E-06,-1.47E-07,-1.27E-07,5.45E-07,3.76E-05,2.13E-06,3.09E-06,0,1.87E-05,1.63E-05,0.279169385,0.065696282,0.027947385,0.028294284,0.107863758,3.190810503,5.94E-06,0.000812235,0.000855627,7.11E-05,7.35E-05,7.79E-05,0.015536999,2.28E-05,0.000267986,0.000510355,0.001580944,0.001556584,5.603378764,0.009007998,0.015815238,0.016172615,0.004744946,0.004564324,0.057510019,0.000618446,6.298300321,6.390819431,0.006286001,0.007427053,0.004931117,0.000106858,0.000763123,-5.36E-05,-4.63E-05,0.00019922,0.013731925,0.000779212,0.001127572,0,0.006830723,0.005951324,101.9666178,23.99556714,10.20778225,10.33448732,39.39723775,1165.443536,0.002168604,0.296668899,0.31251762,0.025961865,0.02685607,0.02845194,5.674888966,0.00834259,0.097881994,0.186407012,0.577439691,0.568542419,0.211752012,0.342883151,0.396590965,0.203177808,0.294011893,2.328097827,0.288600984,0.311309505
2017,46_1000,10,Pickup 10/03/2018 INV18_02,21/8/2017,6/9/2017,29/8/2017,16,240,88.96213923,2,S34,SAZ_2017_46S_1000m_Cup10,1295.4,1.99,1.54,1.51,0.95,0.92,4.92,0.17,1427.16,1439.58,1.38,2.11,1.11,0.02,0.15,0,-0.01,0.05,2.75,0.19,0.28,0,0.39,0.35,0,3296.14,3995.77,2711.09,2614.43,4972.06,252367.79,0.46,91.81,93.88,5.78,4.93,21.42,1593.91,1.06,19.62,28.93,163.48,157.21,0.049581413,7.61E-05,5.89E-05,5.77E-05,3.64E-05,3.50E-05,0.000188464,6.34E-06,0.054624557,0.05509983,5.28E-05,8.06E-05,4.25E-05,8.55E-07,5.73E-06,-1.84E-07,-2.14E-07,1.84E-06,0.000105434,7.39E-06,1.06E-05,0,1.51E-05,1.34E-05,0.126159925,0.152938046,0.10376711,0.100067242,0.190305634,9.659377188,1.75E-05,0.003513869,0.003593272,0.000221266,0.000188585,0.000820001,0.061006907,4.06E-05,0.000750999,0.001107324,0.006257372,0.006017078,18.10961109,0.02778432,0.021510779,0.021088889,0.013308599,0.012801833,0.068836346,0.002313914,19.95161962,20.12521283,0.019294105,0.029430509,0.015511246,0.000312286,0.002092211,-6.73E-05,-7.80E-05,0.00067034,0.038509752,0.002700134,0.003861555,0,0.005505735,0.00488234,46.07991261,55.8606214,37.90093706,36.54956013,69.50913286,3528.087518,0.0063942,1.283440471,1.312442434,0.080817461,0.068880805,0.299505423,22.28277273,0.014826998,0.274302487,0.404449996,2.285505119,2.197737833,0.916075473,1.273106382,1.557236873,0.704053669,1.006891603,2.906905551,1.112618099,1.188327583
2017,46_1000,11,Pickup 10/03/2018 INV18_02,6/9/2017,22/9/2017,14/9/2017,16,256,89.97584274,2,S35,SAZ_2017_46S_1000m_Cup11,1208.43,1.82,1.41,1.43,0.66,0.62,3.97,0.18,1383.11,1419.54,1.29,2.1,1.1,0.02,0.13,-0.01,-0.01,0.04,2.7,0.18,0.26,0,0.35,0.3,0,4248.82,3624.8,2785.69,1904.17,4383.45,262179.34,0.48,96.93,96.6,5.87,5.03,17.58,1559.14,0.98,16.08,24.24,115.75,114.35,0.05959914,9.00E-05,6.95E-05,7.03E-05,3.25E-05,3.07E-05,0.000195954,8.91E-06,0.068214389,0.070011121,6.38E-05,0.000103727,5.44E-05,1.06E-06,6.33E-06,-5.09E-07,-5.23E-07,1.97E-06,0.000133209,8.84E-06,1.28E-05,0,1.75E-05,1.50E-05,0.209550431,0.178773727,0.137389462,0.093912758,0.216190024,12.93059117,2.35E-05,0.004780386,0.004764461,0.000289746,0.000247961,0.00086696,0.076896071,4.84E-05,0.000792931,0.001195354,0.005708732,0.005639723,21.76858589,0.032856078,0.025386807,0.025689723,0.011879822,0.011206281,0.071572213,0.003254986,24.91530575,25.57156211,0.023313653,0.037886451,0.019883253,0.000387916,0.002310339,-0.00018592,-0.000191176,0.000720529,0.04865466,0.003228363,0.004689841,0,0.006376241,0.005465278,76.53829487,65.29710379,50.18150115,34.3016347,78.96340641,4722.898426,0.008594742,1.746035822,1.740219452,0.10582962,0.090567838,0.316657196,28.08628998,0.017691704,0.289618016,0.436602932,2.085114423,2.059908705,1.246260055,1.685615036,1.962817056,0.841788092,1.222865258,2.907807066,1.43412006,1.529389351
2017,46_1000,12,Pickup 10/03/2018 INV18_02,22/9/2017,8/10/2017,30/9/2017,16,272,91.74874897,2,S36,SAZ_2017_46S_1000m_Cup12,1167.39,1.23,1.08,1.09,0.89,0.84,2.88,0.12,911.58,950.51,0.92,1.36,0.75,0.01,0.09,-0.01,-0.01,0.04,2.38,0.13,0.19,0,0.24,0.2,0,5789.56,3106.25,2076.63,1583.92,4202.77,297517.92,0.4,62.92,64.18,4.15,4.54,5.96,1095.38,0.88,8.77,24.71,90.35,87.84,0.021352351,2.26E-05,1.98E-05,2.00E-05,1.63E-05,1.54E-05,5.27E-05,2.27E-06,0.016673372,0.017385356,1.69E-05,2.49E-05,1.38E-05,2.12E-07,1.62E-06,-2.20E-07,-2.06E-07,6.97E-07,4.35E-05,2.43E-06,3.50E-06,0,4.33E-06,3.70E-06,0.105894704,0.056815172,0.037982899,0.028970862,0.076871366,5.441788628,7.27E-06,0.001150881,0.001173923,7.59E-05,8.30E-05,0.000108959,0.020035227,1.61E-05,0.00016041,0.000451975,0.001652512,0.001606664,7.798946339,0.008243646,0.007234292,0.007293563,0.005939624,0.00563376,0.019247931,0.000828146,6.089949301,6.350001413,0.006175291,0.009106381,0.005024638,7.74E-05,0.000590781,-8.05E-05,-7.51E-05,0.000254688,0.015897305,0.000889369,0.001279837,0,0.001580812,0.00135292,38.67804076,20.75174174,13.8732537,10.58160737,28.07726647,1987.613296,0.002656419,0.420359283,0.428775194,0.02770811,0.030322978,0.039797324,7.317866488,0.005884882,0.058589602,0.165083745,0.603579876,0.586833989,0.300037935,0.466007682,0.51141084,0.231900989,0.333714431,2.063020601,0.377339362,0.402792722
2017,46_1000,13,Pickup 10/03/2018 INV18_02,8/10/2017,24/10/2017,16/10/2017,16,288,96.64350014,2,S37,SAZ_2017_46S_1000m_Cup13,1279.3,1.55,0.72,0.76,0.45,0.42,4.53,0.11,969.98,994.67,1.05,1.34,0.85,0.01,0.1,-0.02,-0.02,0.02,2.47,0.13,0.18,0,0.39,0.35,0,3260.07,3071.33,2036.27,1316.71,4868.88,314559.95,0.43,62.42,62.92,4.34,5.49,-2.06,1115.59,1.07,15.17,31.88,108.33,103.19,0.011100198,1.34E-05,6.29E-06,6.57E-06,3.94E-06,3.64E-06,3.93E-05,9.86E-07,0.008416298,0.008630503,9.09E-06,1.16E-05,7.36E-06,1.08E-07,8.45E-07,-1.42E-07,-1.36E-07,1.55E-07,2.14E-05,1.09E-06,1.58E-06,0,3.39E-06,3.04E-06,0.028286946,0.026649254,0.01766827,0.011424804,0.042246269,2.729369238,3.76E-06,0.000541647,0.000545956,3.77E-05,4.77E-05,-1.79E-05,0.00967971,9.28E-06,0.000131617,0.000276574,0.000939976,0.000895366,4.05434715,0.004909158,0.002297061,0.00239884,0.001440427,0.001328848,0.014346356,0.000360192,3.074052922,3.152291327,0.003321626,0.004253361,0.002687947,3.96E-05,0.000308571,-5.20E-05,-4.96E-05,5.67E-05,0.007818461,0.000398233,0.000576171,0,0.001236742,0.001111746,10.3318071,9.733640076,6.453335672,4.172909827,15.43044976,996.9021143,0.001373833,0.197836638,0.199410287,0.013760759,0.017411032,-0.006544025,3.535514113,0.003390432,0.048073144,0.101018832,0.343326219,0.327032547,0.141208959,0.216769913,0.247080245,0.103838358,0.15023523,2.042511759,0.177224369,0.188823587
2017,46_1000,14,Pickup 10/03/2018 INV18_02,24/10/2017,9/11/2017,1/11/2017,16,304,93.6428149,1,S4,SAZ_2017_46S_1000m_Cup14,1427,2.14,0.73,0.73,0.34,0.33,5.17,0.16,1107.84,1107.16,1.44,1.92,1.3,0.02,0.16,0.02,0.02,0.04,2.3,0.17,0.29,0,0.41,0.39,0,2297.12,2665.66,2350.74,1452.09,3934.17,284165.1,0.45,61.13,65.29,4.68,3.56,12.52,1285.01,0.71,12.28,17.22,56.63,55.4,0.144552441,0.000217192,7.38E-05,7.35E-05,3.40E-05,3.32E-05,0.000524112,1.60E-05,0.1122219,0.112153063,0.000146026,0.000194739,0.000131621,2.40E-06,1.67E-05,2.19E-06,2.26E-06,3.91E-06,0.000233417,1.69E-05,2.94E-05,0,4.17E-05,3.91E-05,0.232694577,0.270026343,0.238125314,0.147093781,0.398524854,28.78541726,4.57E-05,0.006192394,0.006614146,0.000473847,0.000360648,0.0012679,0.130169089,7.19E-05,0.001243816,0.001744769,0.005736444,0.005611678,52.79777901,0.079329449,0.026973353,0.026845294,0.012422239,0.01212328,0.191432014,0.00582671,40.98904899,40.96390625,0.05333612,0.071128339,0.048074622,0.000877761,0.006095728,0.000799631,0.000823816,0.00142639,0.085255659,0.006171413,0.01072568,0,0.015213369,0.014264592,84.99169438,98.62712186,86.9752708,53.72600338,145.5612031,10513.87365,0.016708089,2.261771786,2.415816855,0.17307251,0.131726773,0.46310049,47.54425973,0.02625083,0.454303765,0.637276708,2.095236303,2.049665521,1.614374571,2.921531259,3.322641902,1.609181831,2.796696332,2.336598337,2.36693239,2.663811016
2017,46_1000,15,Pickup 10/03/2018 INV18_02,9/11/2017,25/11/2017,17/11/2017,16,320,92.65012735,1,S5,SAZ_2017_46S_1000m_Cup15,1304.84,1.98,0.71,0.74,0.31,0.31,3.34,0.12,941.85,948.03,1.34,1.59,1.15,0.02,0.16,0.04,0.03,0.03,1.87,0.14,0.25,0,0.66,0.61,0,3334.57,2642.88,1952.87,1452.8,3777.19,258667.09,0.44,51.89,51.42,4.82,2.76,10.47,956.03,0.58,10.76,15.65,45.91,45.69,0.256955857,0.000390418,0.000140424,0.000145425,6.04E-05,6.03E-05,0.000658371,2.34E-05,0.185474611,0.186690267,0.000263641,0.000312872,0.000225676,4.82E-06,3.09E-05,7.34E-06,6.79E-06,6.83E-06,0.000367991,2.83E-05,4.83E-05,0,0.000129943,0.0001196,0.656660796,0.520449322,0.384568231,0.286091925,0.743823611,50.93801617,8.62E-05,0.010217579,0.010125703,0.000949012,0.000543884,0.002062206,0.188265611,0.000113732,0.002118323,0.003082739,0.009041556,0.008997892,93.85312681,0.142600039,0.051289786,0.053116427,0.022066463,0.022025367,0.240470013,0.008562066,67.74460158,68.18862005,0.096294937,0.114276617,0.082428231,0.001759128,0.011272674,0.002682648,0.002479427,0.002496326,0.134408669,0.010351526,0.017629016,0,0.047461633,0.043683813,239.8453556,190.0941148,140.4635463,104.4950758,271.6815738,18605.11041,0.031473078,3.731970901,3.698412869,0.346626548,0.198653517,0.753220685,68.76401454,0.041540571,0.773717562,1.125970383,3.30242843,3.286480125,2.663751912,4.718222057,4.805589514,2.699136582,4.59672533,1.889894638,3.721675016,4.196072203
2017,46_1000,16,Pickup 10/03/2018 INV18_02,25/11/2017,11/12/2017,3/12/2017,16,336,92.81872183,1,S6,SAZ_2017_46S_1000m_Cup16,1311.26,1.85,1.4,1.42,0.49,0.5,5.37,0.11,1005.1,1018.03,1.28,1.59,1.1,0.02,0.14,0.01,0.01,0.07,2.28,0.16,0.27,0,0.81,0.77,0,3498.36,3220.12,2026.45,2335.26,5743.86,261956.03,0.48,52.23,52.45,4.88,2.9,8.36,996.75,0.89,13.33,15.09,50.19,49.59,0.15612005,0.000220506,0.000166405,0.00016882,5.88E-05,5.92E-05,0.00063935,1.37E-05,0.119667795,0.12120766,0.000152365,0.000189373,0.000130968,2.73E-06,1.73E-05,1.01E-06,9.94E-07,8.85E-06,0.000271283,1.88E-05,3.23E-05,0,9.65E-05,9.11E-05,0.416516792,0.383389364,0.241270219,0.278037691,0.683867721,31.18867247,5.76E-05,0.006218514,0.006244271,0.000580652,0.000345594,0.000995339,0.11867354,0.000106303,0.001587462,0.001797122,0.005975711,0.005904108,57.02284824,0.080539695,0.06077947,0.061661687,0.021492383,0.021614827,0.23352262,0.004996668,43.70866223,44.27109782,0.055651136,0.069168472,0.04783619,0.000996721,0.006304111,0.000368684,0.000363019,0.003234027,0.099086232,0.006876987,0.011781336,0,0.03523025,0.03327961,152.1327581,140.0329652,88.12394744,101.5532666,249.7826851,11391.66262,0.021025146,2.271312346,2.280720098,0.212083006,0.126228235,0.363547411,43.34551033,0.03882728,0.579820435,0.656398863,2.182628538,2.15647557,1.621184292,2.960115728,3.029211301,1.793158383,3.071956226,1.974553437,2.350917426,2.670616887
2017,46_1000,17,Pickup 10/03/2018 INV18_02,11/12/2017,27/12/2017,19/12/2017,16,352,88.4647422,1,S7,SAZ_2017_46S_1000m_Cup17,2683.36,1.87,2.08,2.16,0.53,0.52,7.72,0.06,924.27,916.74,1.14,1.23,1.03,0.02,0.15,0.01,0.01,0.09,1.75,0.11,0.19,0,1.57,1.46,0,3153.33,5702.97,1187.39,8936.66,6861.42,208384.92,0.35,26.99,28.26,4.48,2.08,7.42,639.4,0.66,10.23,14.81,85.81,84.01,0.221281395,0.000154371,0.000171831,0.000178284,4.34E-05,4.26E-05,0.000636613,4.82E-06,0.076219316,0.075598512,9.44E-05,0.000101718,8.46E-05,1.69E-06,1.24E-05,5.77E-07,5.39E-07,7.23E-06,0.000144388,9.09E-06,1.55E-05,0,0.000129173,0.000120376,0.260036879,0.47029154,0.097917102,0.736955599,0.565822389,17.18431398,2.92E-05,0.002225712,0.002330094,0.000369578,0.00017127,0.000611685,0.052727938,5.43E-05,0.000843277,0.001221192,0.007076457,0.006927762,80.82302942,0.056383984,0.062761279,0.065118155,0.015862199,0.015558679,0.232522898,0.001762216,27.839105,27.61235667,0.034484028,0.037152489,0.03090707,0.000618858,0.004511529,0.000210674,0.000196832,0.002641449,0.052737618,0.003320213,0.005671208,0,0.047180435,0.043967431,94.97846999,171.7739851,35.76422139,269.1730327,206.6666277,6276.570682,0.010657714,0.812941344,0.851066672,0.134988328,0.062556244,0.223417863,19.2588795,0.019846601,0.308007065,0.446040534,2.584676046,2.530365114,0.580249449,1.201333319,1.345911375,0.865737865,1.478754366,1.210594372,0.998308002,1.151562127
2017,46_1000,18,Pickup 10/03/2018 INV18_02,27/12/2017,12/1/2018,4/1/2018,16,3,90.62765377,1,S8,SAZ_2017_46S_1000m_Cup18,8314.3,1.9,2.06,2.08,0.45,0.42,6.98,0.07,993.58,989.52,1.02,1.34,0.91,0.02,0.15,0.01,0.01,0.09,1.97,0.12,0.21,0,0.97,0.91,0,2901.88,3547.51,1403.38,1890.21,10019.44,167471.88,0.42,32.13,32.56,8.56,2.18,6.48,684.29,0.75,17.49,17.99,47.15,45.84,1.098601355,0.000251132,0.000272275,0.000275479,5.88E-05,5.58E-05,0.000921776,9.54E-06,0.131285716,0.130749537,0.000135105,0.000177483,0.000119589,2.74E-06,2.04E-05,1.84E-06,1.67E-06,1.19E-05,0.000260384,1.63E-05,2.76E-05,0,0.000127916,0.000120777,0.383436872,0.4687468,0.185433848,0.249761472,1.323907857,22.12871796,5.55E-05,0.004245756,0.004302316,0.001130631,0.000288539,0.000855637,0.090417512,9.90E-05,0.002310798,0.002376679,0.006229592,0.006057571,401.2641449,0.091725897,0.0994485,0.100618524,0.021476732,0.020386657,0.336678689,0.003485262,47.95210768,47.75626835,0.049346969,0.064825533,0.043679904,0.00100213,0.007459595,0.000670726,0.000611111,0.004331903,0.095105294,0.005938124,0.010076988,0,0.046721257,0.044113839,140.0503177,171.2097687,67.72971299,91.22537748,483.5573446,8082.514237,0.020285755,1.550762455,1.571420942,0.412962964,0.105388773,0.312521432,33.02499641,0.036163241,0.844018852,0.868081823,2.275358306,2.212527659,1.106880671,2.27506591,2.307959731,1.548352206,2.627551319,1.369492794,1.80956463,2.079364408
2017,46_1000,19,Pickup 10/03/2018 INV18_02,12/1/2018,28/1/2018,20/1/2018,16,19,92.79641204,1,S9,SAZ_2017_46S_1000m_Cup19,8093.49,1.51,1.43,1.53,0.42,0.41,4.48,0.06,760.59,764.21,0.82,1.08,0.75,0.02,0.12,0.01,0.01,0.04,1.51,0.1,0.17,0,0.85,0.8,0,3360.9,3468.42,1222.49,2042.86,9527.72,235710.88,0.37,30.63,30.59,5.31,2.36,4.82,527.79,0.44,12.92,14.43,39.31,38.84,0.810172738,0.00015127,0.000143162,0.000152994,4.17E-05,4.10E-05,0.000448565,5.81E-06,0.076136152,0.076498395,8.23E-05,0.000107649,7.52E-05,1.61E-06,1.18E-05,8.43E-07,1.01E-06,3.94E-06,0.00015095,9.65E-06,1.67E-05,0,8.51E-05,8.04E-05,0.336431935,0.347195512,0.122373453,0.204493537,0.953741575,23.59507997,3.73E-05,0.003066017,0.003061723,0.000531821,0.000235764,0.000482017,0.05283304,4.39E-05,0.001293258,0.001444881,0.003935175,0.003888439,295.9155925,0.055251266,0.052290028,0.055881207,0.015214531,0.014959371,0.163838374,0.002120886,27.80872941,27.94103869,0.030058801,0.0393188,0.027471052,0.000589279,0.0043274,0.000307794,0.000370489,0.001439096,0.055134658,0.003525808,0.006091148,0,0.03109636,0.02936905,122.8817643,126.8131607,44.69690366,74.69126427,348.3541103,8618.102959,0.013627632,1.119862708,1.118294311,0.194247644,0.086112983,0.1760566,19.29726788,0.016018308,0.472362601,0.527742954,1.437322713,1.420252352,0.799319317,1.501385394,1.348594157,0.919346375,1.588252835,1.140999936,1.142161311,1.309387926
2017,46_1000,20,Pickup 10/03/2018 INV18_02,28/1/2018,13/2/2018,5/2/2018,16,35,95.69321206,1,S10,SAZ_2017_46S_1000m_Cup20,1061.73,1.38,1.44,1.46,0.46,0.46,4.32,0.05,632.41,636.89,0.77,0.97,0.73,0.02,0.13,0.01,0.01,0.02,1.55,0.07,0.13,0,0.48,0.47,0,3185.56,2658.58,946.25,1483.63,5619.91,301875.46,0.31,11.36,11.44,2.91,2.03,5.05,474.74,0.39,9.4,13.43,48.27,47.8,0.103524711,0.000134384,0.000139931,0.000142409,4.48E-05,4.44E-05,0.000421397,4.48E-06,0.061663112,0.062100296,7.52E-05,9.45E-05,7.11E-05,1.56E-06,1.24E-05,1.42E-06,1.39E-06,2.12E-06,0.000151373,7.11E-06,1.29E-05,0,4.67E-05,4.55E-05,0.310609172,0.259225997,0.092264005,0.144661909,0.547971129,29.43447487,3.00E-05,0.001107874,0.001115644,0.000283819,0.000197515,0.000492061,0.046289788,3.78E-05,0.000916803,0.001309286,0.004706134,0.004660791,37.81240086,0.049083781,0.05110994,0.052014898,0.01634596,0.01621499,0.153915106,0.001635698,22.52245163,22.68213329,0.027464338,0.034508364,0.025973483,0.000568557,0.004543967,0.000520277,0.000507891,0.000773784,0.05528915,0.002598032,0.004695338,0,0.017041822,0.016632992,113.4500001,94.6822954,33.699428,52.83776223,200.1464548,10750.94194,0.010947219,0.404651148,0.407488832,0.103665039,0.072142466,0.179725386,16.9073451,0.01380816,0.334862267,0.47821674,1.718915614,1.702353818,0.288826011,1.131976151,1.181573835,0.67743075,1.22429843,0.840929884,0.819951687,0.956668607
2018,47_1000,1,IN2019_V02,14/3/2018,31/3/2018,22/3/2018,17,80.5,97.51979779,2,S11,SAZ_2018_47S_1000m_Cup1,1161.7,0.82,1.5,1.48,0.05,0.03,0.92,0.02,278.14,275.33,0.4,0.56,0.34,0.01,0.07,-0.01,-0.01,0,0.82,0.04,0.06,0,0.24,0.21,0,1737.86,1610.02,401.65,951.98,1752.29,357575.97,0.2,16.86,17.58,1.15,1.8,-4.21,189.63,0.09,2.48,3.45,28.65,28.83,0.021344078,1.51E-05,2.76E-05,2.71E-05,8.38E-07,5.61E-07,1.70E-05,4.57E-07,0.005110375,0.005058676,7.39E-06,1.03E-05,6.23E-06,1.68E-07,1.26E-06,-1.41E-07,-1.33E-07,8.32E-08,1.51E-05,6.82E-07,1.07E-06,0,4.47E-06,3.80E-06,0.031929962,0.029581127,0.007379493,0.017490807,0.032195047,6.569782441,3.68E-06,0.000309781,0.000323052,2.11E-05,3.31E-05,-7.73E-05,0.003484037,1.74E-06,4.56E-05,6.34E-05,0.000526302,0.000529722,7.795924341,0.005532339,0.010069193,0.009900056,0.000305937,0.000204962,0.006194305,0.000166812,1.866564639,1.847681547,0.002697585,0.003767097,0.002275402,6.15E-05,0.000460121,-5.16E-05,-4.85E-05,3.04E-05,0.005508667,0.000249067,0.000392487,0,0.001633953,0.001388976,11.66241859,10.80450653,2.695359874,6.388517367,11.75924108,2399.613037,0.001344486,0.11314754,0.117994822,0.00769065,0.012074112,-0.028250109,1.272544441,0.000635282,0.016647161,0.02314957,0.192231687,0.193480799,0.080760805,0.090538127,0.088932071,0.064943743,0.10234018,0.44246015,0.081293687,0.090642796
2018,47_1000,2,IN2019_V02,31/3/2018,17/4/2018,8/4/2018,17,97.5,98.74574704,2,S12,SAZ_2018_47S_1000m_Cup2,1181.94,1.02,4.32,4.38,0.48,0.47,1.89,0.05,431.89,443.01,0.56,0.84,0.47,0.01,0.1,-0.01,-0.01,0.01,0.95,NA,0.12,0,0.58,0.49,0,2445.07,2373.4,797.64,1935.47,3678.9,315956.54,0.29,31.04,32.35,2.68,1.96,-3.79,376.87,0.26,5.55,9.65,54.76,53.79,0.034176965,2.96E-05,0.000124862,0.000126615,1.39E-05,1.37E-05,5.47E-05,1.46E-06,0.012488546,0.012810132,1.63E-05,2.44E-05,1.35E-05,3.10E-07,2.91E-06,-3.80E-07,-3.84E-07,2.74E-07,2.75E-05,NA,3.39E-06,0,1.67E-05,1.41E-05,0.070701429,0.068629067,0.023064492,0.055965842,0.106378976,9.136188564,8.25E-06,0.000897569,0.00093533,7.74E-05,5.66E-05,-0.000109673,0.010897608,7.55E-06,0.000160449,0.000278985,0.001583349,0.001555289,12.48313641,0.010824792,0.045605957,0.046245947,0.005075409,0.00500259,0.019965475,0.000534287,4.561441477,4.678900888,0.005943661,0.008919934,0.004930411,0.000113123,0.001062529,-0.000138923,-0.000140258,9.99E-05,0.010058306,NA,0.001238763,0,0.006104618,0.005137054,25.82369689,25.06676685,8.424305834,20.44152378,38.85492109,3336.992873,0.003012179,0.327837193,0.341629281,0.028265203,0.020686713,-0.040057905,3.980351246,0.002756622,0.058603896,0.101899126,0.578318129,0.568069484,0.233998863,0.282975524,0.278167794,NA,0.323004499,0.916612608,0.265047394,0.27953667
2018,47_1000,3,IN2019_V02,17/4/2018,4/5/2018,25/4/2018,17,114.5,99.1290354,2,S13,SAZ_2018_47S_1000m_Cup3,1150.46,0.46,0.62,0.63,0.05,0.05,1.04,0.01,230.65,225.54,0.25,0.3,0.17,0,0.04,-0.01,-0.01,0,0.56,0.02,0.03,0,0.16,0.13,0,1340.85,1242.57,194.09,383.25,1180.59,370577.94,0.3,7.68,8.41,0.5,0.65,-3.48,89.99,0.08,1.03,2.25,19.98,20.45,0.02996803,1.19E-05,1.63E-05,1.64E-05,1.39E-06,1.25E-06,2.70E-05,2.34E-07,0.006008253,0.005874914,6.38E-06,7.86E-06,4.46E-06,8.42E-08,9.78E-07,-2.84E-07,-2.76E-07,6.25E-08,1.45E-05,4.58E-07,7.14E-07,0,4.26E-06,3.45E-06,0.034927343,0.032367459,0.00505589,0.009983193,0.030753,9.653088153,7.85E-06,0.000200044,0.000219188,1.30E-05,1.69E-05,-9.06E-05,0.002344106,2.03E-06,2.69E-05,5.86E-05,0.000520532,0.00053273,10.94582306,0.004331167,0.005945211,0.005992096,0.000509351,0.000458063,0.009875472,8.55E-05,2.194514524,2.145812407,0.002331845,0.002869591,0.001630259,3.07E-05,0.000357176,-0.000103819,-0.000100806,2.28E-05,0.005305552,0.000167306,0.000260618,0,0.001555868,0.001261343,12.75721219,11.82221456,1.846663895,3.646361295,11.23253335,3525.790448,0.002865409,0.073065905,0.08005836,0.004754599,0.006179416,-0.03308959,0.856184619,0.000743041,0.009824772,0.021420605,0.190124306,0.194579473,0.052151919,0.062030118,0.059834666,0.043624781,0.067955657,0.208879094,0.054410371,0.06049309
2018,47_1000,4,IN2019_V02,4/5/2018,21/5/2018,12/5/2018,17,131.5,97.35805113,2,S14,SAZ_2018_47S_1000m_Cup4,1361.56,1.22,1.16,1.17,0.27,0.27,1.14,0.07,1214.17,1252.24,0.93,1.23,0.76,0.01,0.1,-0.01,-0.01,0.01,1.32,0.11,0.16,0,0.24,0.2,0,1619.96,1614.02,1049.17,694.25,2001.01,363479.64,0.24,51.81,52.76,1.63,2.34,-2.57,497.43,0.24,2.72,10.85,58.15,58.28,0.017913122,1.60E-05,1.53E-05,1.53E-05,3.57E-06,3.51E-06,1.50E-05,8.79E-07,0.015973998,0.016474798,1.23E-05,1.62E-05,1.00E-05,1.61E-07,1.28E-06,-1.64E-07,-1.59E-07,1.12E-07,1.73E-05,1.43E-06,2.05E-06,0,3.16E-06,2.67E-06,0.021312681,0.021234522,0.013803145,0.009133736,0.026325907,4.782048049,3.12E-06,0.000681649,0.000694182,2.15E-05,3.08E-05,-3.38E-05,0.006544365,3.22E-06,3.57E-05,0.000142716,0.000765088,0.000766758,6.542767719,0.005849128,0.005572963,0.005600095,0.001304143,0.001282204,0.005487717,0.000320951,5.834502938,6.017420002,0.00448462,0.005913517,0.003657511,5.86E-05,0.00046613,-6.00E-05,-5.79E-05,4.10E-05,0.006328239,0.000522207,0.000748266,0,0.001153685,0.000976528,7.784456878,7.755909094,5.041598637,3.336097076,9.61553735,1746.64305,0.001140011,0.248972309,0.25355005,0.00785398,0.011231952,-0.012327349,2.39032933,0.001174542,0.013049002,0.05212712,0.27944831,0.28005845,0.177707833,0.169349148,0.167048734,0.136164235,0.19510863,1.235662431,0.162567488,0.177303586
2018,47_1000,9,IN2019_V02,28/7/2018,14/8/2018,5/8/2018,17,216.5,91.58500207,2,S15,SAZ_2018_47S_1000m_Cup9,1252.47,1.38,0.52,0.53,1.68,1.63,2.3,0.07,834.6,852.26,0.95,1.4,0.84,0.01,0.1,-0.01,-0.01,0.01,1.36,0.1,0.15,0,0.19,0.16,0,1992.79,2095.03,1096.72,2036.07,3084.7,286410.86,0.23,37.44,41.4,2.85,2.1,1.92,680.8,0.31,8.05,14.69,137.92,140.26,0.019239573,2.11E-05,7.99E-06,8.18E-06,2.57E-05,2.50E-05,3.53E-05,1.04E-06,0.012820608,0.013091839,1.46E-05,2.15E-05,1.28E-05,2.12E-07,1.58E-06,-1.64E-07,-1.46E-07,2.10E-07,2.09E-05,1.55E-06,2.30E-06,0,2.94E-06,2.49E-06,0.03061196,0.032182415,0.0168471,0.031276733,0.047385146,4.399655917,3.47E-06,0.000575205,0.000636007,4.38E-05,3.23E-05,2.94E-05,0.010458065,4.76E-06,0.000123595,0.000225611,0.002118672,0.002154536,7.027254021,0.007724378,0.00291996,0.002987644,0.009404389,0.009124852,0.012894295,0.000380461,4.682726972,4.781794204,0.00534449,0.007850797,0.004688821,7.73E-05,0.000577065,-5.98E-05,-5.35E-05,7.67E-05,0.00762432,0.000565116,0.000839332,0,0.001072656,0.000910672,11.18101839,11.75462699,6.153403447,11.42382666,17.30742452,1606.974324,0.001268475,0.210093602,0.232301704,0.016012014,0.011809147,0.010748629,3.81980821,0.001739806,0.04514302,0.082404456,0.773845058,0.786944183,0.149957556,0.20669508,0.266948205,0.147352804,0.218853953,1.254697534,0.192738411,0.210613698
2018,47_1000,10,IN2019_V02,14/8/2018,31/8/2018,22/8/2018,17,233.5,93.83026349,2,S16,SAZ_2018_47S_1000m_Cup10,1543.52,0.87,0.27,0.26,0.63,0.58,1.89,0.04,623.8,634,0.61,0.9,0.52,0.01,0.06,-0.01,-0.01,0.01,0.89,0.07,0.1,0,0.28,0.24,0,1748.86,2243.79,727.65,3455.3,2619.31,297521.33,0.19,22.15,24.53,1.79,1.56,0.79,394.62,0.21,4.48,9.57,105.95,106.97,0.024672952,1.39E-05,4.25E-06,4.16E-06,1.01E-05,9.34E-06,3.01E-05,6.44E-07,0.009971341,0.010134376,9.72E-06,1.44E-05,8.28E-06,1.10E-07,1.00E-06,-1.93E-07,-1.72E-07,1.27E-07,1.42E-05,1.12E-06,1.53E-06,0,4.54E-06,3.83E-06,0.027955311,0.035866636,0.011631377,0.055232586,0.041869326,4.755841022,3.12E-06,0.000354084,0.000392063,2.87E-05,2.50E-05,1.27E-05,0.006307929,3.33E-06,7.16E-05,0.000152923,0.001693526,0.001709857,9.011795602,0.005066273,0.001552495,0.001520143,0.003700768,0.003411706,0.011010614,0.000235392,3.642032165,3.701580961,0.003550845,0.005242629,0.003024285,4.03E-05,0.000365753,-7.05E-05,-6.29E-05,4.63E-05,0.005178627,0.000408907,0.000558561,0,0.001656954,0.001397356,10.21067726,13.10028873,4.248360508,20.17370221,15.29277123,1737.070933,0.001137837,0.129329352,0.143201137,0.010474875,0.009113533,0.004638324,2.303971152,0.001214579,0.02616063,0.055855302,0.618560358,0.624525164,0.092310824,0.142703988,0.161013572,0.106621627,0.145643503,0.786133836,0.125662503,0.135417972
2018,47_1000,11,IN2019_V02,31/8/2018,17/9/2018,8/9/2018,17,250.5,90.8840761,2,S17,SAZ_2018_47S_1000m_Cup11,2031.25,1.43,0.47,0.48,0.57,0.55,2.81,0.07,856.72,876.98,0.99,1.37,0.85,0.01,0.11,-0.01,-0.01,0.01,1.02,0.11,0.15,0,0.28,0.24,0,1473.96,2097.64,1100.85,2859.34,3336.85,265397.39,0.19,34.9,36.17,3.43,2.19,2.35,622.62,0.3,7.15,14.8,132.9,128.27,0.079652475,5.62E-05,1.83E-05,1.88E-05,2.24E-05,2.16E-05,0.000110203,2.61E-06,0.033595058,0.034389276,3.87E-05,5.35E-05,3.34E-05,5.73E-07,4.33E-06,-4.09E-07,-3.52E-07,4.75E-07,4.00E-05,4.25E-06,6.03E-06,0,1.11E-05,9.30E-06,0.057798893,0.082255586,0.043168185,0.112124424,0.130849548,10.40714612,7.43E-06,0.001368632,0.001418198,0.000134547,8.59E-05,9.23E-05,0.024415179,1.17E-05,0.000280552,0.000580549,0.00521133,0.005030043,29.09306632,0.020542959,0.006675947,0.006870591,0.008188918,0.00788186,0.040251599,0.000954946,12.27059511,12.5606832,0.014130123,0.019557597,0.012208203,0.000209447,0.001581669,-0.000149505,-0.000128566,0.000173364,0.014598401,0.001550914,0.002203881,0,0.00404243,0.003395453,21.11104558,30.04385297,15.76717945,40.95344585,47.79279734,3801.21012,0.002713795,0.499892943,0.517996899,0.04914334,0.031380791,0.033720449,8.917644139,0.004257761,0.102471579,0.212045402,1.903438202,1.837223224,0.356806314,0.529625343,0.623211682,0.404397191,0.574656989,1.220270568,0.478510133,0.521075082
2018,47_1000,12,IN2019_V02,17/9/2018,4/10/2018,25/9/2018,17,267.5,90.79868559,2,S18,SAZ_2018_47S_1000m_Cup12,1499.32,1.42,0.45,0.43,0.53,0.5,2.54,0.07,774.58,796.23,0.98,1.35,0.82,0.01,0.11,-0.01,-0.01,0.01,1.11,0.11,0.16,0,0.22,0.19,0,1523.12,1799.69,1521.17,1533.18,2840.63,260647.3,0.29,40.47,40.67,3.13,2.12,1.01,696.85,0.31,7.79,14.93,116.94,114.87,0.075938914,7.20E-05,2.30E-05,2.19E-05,2.67E-05,2.53E-05,0.000128413,3.67E-06,0.039231269,0.040328116,4.96E-05,6.83E-05,4.17E-05,7.22E-07,5.40E-06,-6.40E-07,-6.14E-07,6.47E-07,5.61E-05,5.46E-06,7.95E-06,0,1.12E-05,9.45E-06,0.077144149,0.091151989,0.077045486,0.077653482,0.143874128,13.20145707,1.47E-05,0.002049541,0.002059961,0.000158514,0.0001072,5.10E-05,0.035294796,1.57E-05,0.000394409,0.000755963,0.005923033,0.005817948,27.73668838,0.026302093,0.008414343,0.00800762,0.00974294,0.009232476,0.046902949,0.00134007,14.32922103,14.72984423,0.018098303,0.024933098,0.015236534,0.000263554,0.001973344,-0.000233893,-0.000224185,0.000236407,0.020484187,0.001994184,0.002904752,0,0.00410666,0.003450766,28.17690046,33.29326387,28.14086367,28.36293432,52.55002539,4821.832196,0.005379834,0.748594705,0.752400647,0.057897408,0.039154682,0.018633006,12.89142406,0.005743413,0.14405781,0.276115583,2.163387642,2.125005363,0.534321041,0.945261936,0.900920238,0.519978967,0.757407296,1.431665531,0.725120545,0.784477628
2018,47_1000,13,IN2019_V02,4/10/2018,21/10/2018,12/10/2018,17,284.5,94.77457353,1,S1,SAZ_2018_47S_1000m_Cup13,1294.1,1.62,0.46,0.46,0.63,0.62,2.52,0.09,1023.83,1025.46,1.12,1.61,1.02,0.02,0.13,0.03,0.03,0.02,1.35,0.12,0.2,0,0.24,0.21,0,1835.76,1739.22,1216.35,1188.55,2664.7,257839.76,0.25,40.24,39.93,2.97,1.97,5.06,726.39,0.3,9.44,16.21,86.91,89.25,0.080523276,0.000101068,2.86E-05,2.89E-05,3.92E-05,3.86E-05,0.000157022,5.45E-06,0.063706189,0.063807721,6.96E-05,0.000100183,6.32E-05,1.15E-06,7.93E-06,1.82E-06,1.81E-06,1.06E-06,8.41E-05,7.68E-06,1.26E-05,0,1.47E-05,1.31E-05,0.114227212,0.108220658,0.075685308,0.073955576,0.165806773,16.04369965,1.58E-05,0.002504,0.002484768,0.000184872,0.000122791,0.000314954,0.045198694,1.85E-05,0.00058757,0.00100846,0.005407954,0.005553143,29.41112639,0.036915007,0.010457678,0.010547572,0.014309987,0.014083174,0.057352445,0.001991431,23.26868549,23.30577015,0.025413808,0.036591935,0.023096837,0.00042024,0.002897643,0.00066556,0.000660123,0.000388803,0.030711042,0.002805144,0.004600687,0,0.00537405,0.004784242,41.72148917,39.52759532,27.64405877,27.01227424,60.56092374,5859.961298,0.005777879,0.914585981,0.907561541,0.067524464,0.044849425,0.115037055,16.50882304,0.006772426,0.214610054,0.368340114,1.975255341,2.028285354,0.65279988,0.928574077,1.153723025,0.731434909,1.199618574,1.392773732,0.866632973,0.983678889
2018,47_1000,14,IN2019_V02,21/10/2018,7/11/2018,29/10/2018,17,301.5,94.01642331,1,S2,SAZ_2018_47S_1000m_Cup14,1407.23,1.84,0.42,0.42,0.75,0.73,2.54,0.05,1013.58,1021.46,1.23,1.59,1.13,0.02,0.14,0.02,0.02,0.02,1.33,0.11,0.18,0,0.22,0.2,0,1576.39,1463.72,826.22,1150.43,2441.56,303205.35,0.24,30.05,27.78,2.39,1.93,3.12,461.42,0.25,8.81,16.52,110.44,109.34,0.110544402,0.000144159,3.29E-05,3.28E-05,5.90E-05,5.73E-05,0.000199378,4.09E-06,0.079621562,0.080240138,9.68E-05,0.000125128,8.85E-05,1.61E-06,1.07E-05,1.89E-06,1.62E-06,1.35E-06,0.000104708,8.32E-06,1.38E-05,0,1.72E-05,1.56E-05,0.123832379,0.114981936,0.064903227,0.090371412,0.191795994,23.81818132,1.91E-05,0.002360359,0.002182153,0.000188021,0.00015158,0.00024541,0.036247058,1.99E-05,0.000692197,0.001297743,0.008675747,0.008589472,40.37634297,0.052654218,0.012006189,0.011975916,0.021556755,0.0209256,0.072822821,0.001495691,29.08177544,29.30771056,0.035356436,0.045702896,0.032329852,0.000589089,0.003923154,0.000690424,0.000590254,0.00049299,0.03824468,0.003040121,0.005022482,0,0.006293494,0.005710486,45.22977625,41.99715225,23.70590371,33.00815827,70.05348686,8699.590728,0.006958186,0.862121105,0.797031245,0.068674732,0.055364521,0.089636061,13.23923802,0.007252467,0.252825012,0.474000608,3.16881669,3.137304734,0.615352263,0.796290004,0.925227298,0.792704442,1.309600593,0.995986593,0.782393502,0.911617539
2018,47_1000,15,IN2019_V02,7/11/2018,24/11/2018,15/11/2018,17,318.5,93.20029316,2,S19,SAZ_2018_47S_1000m_Cup15,1508.44,2.33,0.4,0.4,0.68,0.65,4.59,0.04,1050.26,1088.65,1.48,1.59,1.31,0.02,0.15,-0.01,-0.01,0.01,1.11,0.1,0.14,0,0.24,0.2,0,1330.3,1807.46,791.06,1844.84,2837.57,314571.74,0.27,26.54,29.23,2.52,1.84,0.82,426.94,0.27,7.43,20.06,78.71,77.39,0.074025219,0.000114342,1.98E-05,1.98E-05,3.34E-05,3.21E-05,0.000225231,1.91E-06,0.051540554,0.053424598,7.25E-05,7.78E-05,6.43E-05,1.10E-06,7.35E-06,-5.01E-07,-4.55E-07,5.54E-07,5.43E-05,4.81E-06,6.85E-06,0,1.17E-05,9.70E-06,0.065282944,0.088699382,0.038820277,0.090533503,0.139250672,15.43727791,1.34E-05,0.001302407,0.001434462,0.000123464,9.02E-05,4.04E-05,0.020951399,1.32E-05,0.000364734,0.000984495,0.003862652,0.003797836,27.0377114,0.041763498,0.007242967,0.007241624,0.012187352,0.011737279,0.082265598,0.00069877,18.82518747,19.51333459,0.026494601,0.028430587,0.023476499,0.000402901,0.002686406,-0.000183152,-0.000166075,0.000202272,0.019851283,0.001756897,0.002502496,0,0.004270437,0.003544307,23.84459526,32.39744938,14.17910613,33.06736205,50.86130803,5638.465757,0.004892884,0.475704115,0.523937172,0.045095233,0.032945051,0.014750156,7.65249866,0.004838248,0.133219096,0.359586752,1.410833732,1.38715944,0.339541165,0.476281377,0.534796689,0.458106824,0.652520044,0.921428819,0.452181514,0.500784819
2018,47_1000,16,IN2019_V02,24/11/2018,11/12/2018,2/12/2018,17,335.5,91.62929089,2,S20,SAZ_2018_47S_1000m_Cup16,1323.28,1.78,0.44,0.44,1.12,1.1,6.01,0.02,773.89,785.67,1.11,1.19,0.98,0.02,0.11,-0.01,-0.01,0.01,0.87,0.07,0.09,0,0.39,0.33,0,1267.74,2788.79,449.27,6947.16,3641.67,238580.57,0.21,11.35,10.6,2.95,1.38,-0.94,273.24,0.22,5.64,14.48,157.54,153.84,0.023363188,3.14E-05,7.70E-06,7.71E-06,1.98E-05,1.94E-05,0.000106092,3.65E-07,0.013663369,0.013871446,1.95E-05,2.09E-05,1.74E-05,2.87E-07,1.95E-06,-1.32E-07,-1.39E-07,2.49E-07,1.54E-05,1.17E-06,1.64E-06,0,6.94E-06,5.87E-06,0.022382576,0.04923731,0.007932042,0.122655373,0.064295388,4.212250144,3.75E-06,0.000200476,0.0001871,5.21E-05,2.44E-05,-1.67E-05,0.004824153,3.84E-06,9.96E-05,0.000255722,0.002781382,0.002716081,8.533404316,0.011453221,0.002812252,0.002814924,0.007214935,0.007089673,0.038750089,0.000133331,4.990545537,5.06654555,0.007132527,0.007643479,0.006348051,0.000104936,0.000711445,-4.83E-05,-5.07E-05,9.11E-05,0.00563844,0.000425898,0.00060038,0,0.002536576,0.002144133,8.175235932,17.98392762,2.897178326,44.799875,23.48389031,1538.524365,0.001369506,0.073223961,0.068338407,0.019031162,0.008909097,-0.006092968,1.76202173,0.001403769,0.036364546,0.093402603,1.015899609,0.992048484,0.052264734,0.097317283,0.123139308,0.111051806,0.156547751,0.54341983,0.095943283,0.107317269
2018,47_1000,17,IN2019_V02,11/12/2018,28/12/2018,19/12/2018,17,352.5,94.77556399,2,S21,SAZ_2018_47S_1000m_Cup17,1702.44,2.04,0.46,0.47,0.91,0.9,6.29,0.02,1014.73,1040.4,1.29,1.58,1.15,0.02,0.13,-0.01,-0.01,0.01,1.29,0.08,0.12,0,0.39,0.34,0,1459.04,2745.27,560.45,5072.9,3821.32,222728.32,0.2,16.59,15.84,2.93,2.13,1.08,335.36,0.22,7.01,17.67,157.89,157.69,0.023447904,2.81E-05,6.39E-06,6.50E-06,1.26E-05,1.24E-05,8.66E-05,3.35E-07,0.01397605,0.014329565,1.78E-05,2.17E-05,1.58E-05,2.56E-07,1.81E-06,-1.13E-07,-9.65E-08,1.64E-07,1.78E-05,1.16E-06,1.65E-06,0,5.40E-06,4.64E-06,0.02009557,0.037810914,0.007719145,0.069869541,0.052631446,3.067661542,2.72E-06,0.000228476,0.000218099,4.04E-05,2.93E-05,1.49E-05,0.00461897,3.09E-06,9.65E-05,0.000243405,0.002174681,0.002171832,8.564346756,0.010269039,0.002332418,0.00237381,0.004586459,0.004515445,0.031645362,0.000122237,5.104752298,5.233873567,0.006505,0.007928863,0.00576241,9.36E-05,0.00066104,-4.12E-05,-3.53E-05,5.97E-05,0.006490409,0.000424964,0.000603029,0,0.001973851,0.001696196,7.339906931,13.81043616,2.819417578,25.51984983,19.22363564,1120.463378,0.000993631,0.08345094,0.079660717,0.014761562,0.010718754,0.005425234,1.687078766,0.001128255,0.035250004,0.088903769,0.7943023,0.79326181,0.059564398,0.094705271,0.117901901,0.110808382,0.157238446,0.695158852,0.095744988,0.107352504
2018,47_1000,18,IN2019_V02,28/12/2018,14/1/2019,5/1/2019,17,4.5,90.15235934,2,S22,SAZ_2018_47S_1000m_Cup18,22006.21,3.06,0.6,0.62,0.96,0.88,7.3,0.03,1212.97,1238.45,1.47,1.55,1.28,0.02,0.15,-0.01,-0.01,0.01,1.14,0.09,0.13,0,0.29,0.25,0,1777.22,2149.73,672.31,2591.84,11857.51,229721.83,0.24,18.03,17.88,2.57,1.68,1.9,341.03,0.23,8.65,20.02,113.99,113.43,0.697541305,9.69E-05,1.89E-05,1.96E-05,3.04E-05,2.80E-05,0.000231275,8.58E-07,0.038448214,0.039255759,4.66E-05,4.91E-05,4.07E-05,7.04E-07,4.85E-06,-2.75E-07,-3.00E-07,3.13E-07,3.63E-05,3.00E-06,4.22E-06,0,9.28E-06,7.83E-06,0.056333259,0.068141034,0.021310527,0.082154687,0.375853154,7.281602813,7.66E-06,0.000571469,0.000566875,8.14E-05,5.32E-05,6.01E-05,0.010809766,7.39E-06,0.000274214,0.000634568,0.003613146,0.003595548,254.7769616,0.035407878,0.006900711,0.007153867,0.011109709,0.010241943,0.084473329,0.000313444,14.04321013,14.33816587,0.017030324,0.01791843,0.014851335,0.000257187,0.001769798,-0.000100389,-0.000109653,0.000114254,0.013246367,0.001096166,0.001540373,0,0.003389147,0.002858193,20.57572268,24.88851283,7.783669922,30.00699929,137.2803644,2659.605427,0.002798638,0.20872919,0.207051106,0.029743259,0.019431499,0.02196672,3.948267212,0.002700234,0.100156788,0.231775783,1.319701416,1.313273849,0.148983685,0.261456329,0.275925593,0.285822647,0.401648776,0.766770958,0.243047063,0.272003596
2018,47_1000,19,IN2019_V02,14/1/2019,31/1/2019,22/1/2019,17,21.5,80.69255396,2,S23,SAZ_2018_47S_1000m_Cup19,75533.43,3.88,1.08,1.04,0.93,0.7,6.45,0.02,631.96,639.01,0.54,0.65,0.45,0.01,0.07,0,0.01,0.01,0.77,0.03,0.05,0,0.28,0.26,0,3060.58,2519.59,301.48,4220.31,50503.09,196097.07,0.17,8.67,9.52,1.9,1.07,-3.17,143.57,0.16,5.02,13.29,89.79,87.25,2.800449657,0.000143788,3.99E-05,3.87E-05,3.44E-05,2.58E-05,0.000239046,6.33E-07,0.023430325,0.0236918,1.99E-05,2.40E-05,1.67E-05,3.58E-07,2.42E-06,1.03E-07,1.89E-07,4.03E-07,2.86E-05,1.28E-06,2.03E-06,0,1.05E-05,9.51E-06,0.113472789,0.093415289,0.011177431,0.156470685,1.872433808,7.270422503,6.23E-06,0.000321264,0.000353039,7.03E-05,3.98E-05,-0.000117645,0.005322817,5.80E-06,0.000186272,0.00049263,0.003328888,0.00323501,1022.864237,0.052518393,0.01457582,0.014136538,0.012571152,0.009428841,0.087311561,0.00023134,8.557926085,8.653429847,0.007271711,0.008754089,0.00609161,0.000130758,0.000885128,3.76E-05,6.92E-05,0.000147274,0.010439644,0.00046878,0.000741983,0,0.003819518,0.003474341,41.445936,34.11993444,4.082556763,57.15091759,683.9064484,2655.521819,0.002276029,0.117341764,0.128947639,0.025693815,0.014541516,-0.042970018,1.944158942,0.00211785,0.068035773,0.179933045,1.215876169,1.181587397,0.083754498,0.13713458,0.13586801,0.122233323,0.19347041,0.322981974,0.119747603,0.137556874
2018,47_1000,20,IN2019_V02,31/1/2019,17/2/2019,8/2/2019,17,38.5,92.38699883,2,S24,SAZ_2018_47S_1000m_Cup20,5956.73,1.72,1.09,1.1,1.17,1.05,4.65,0.02,934.63,937.69,0.95,1.05,0.84,0.02,0.11,0,0,0.01,1.03,0.07,0.1,0,0.39,0.32,0,7672.1,2955.58,651.12,2804.08,5538.58,242268.05,0.26,16.76,17.9,1.92,1.43,-1.04,278.38,0.2,7.67,15.07,82.46,80.77,0.210738192,6.08E-05,3.85E-05,3.88E-05,4.15E-05,3.73E-05,0.00016439,8.06E-07,0.033065501,0.033173814,3.36E-05,3.73E-05,2.98E-05,5.90E-07,4.01E-06,-7.85E-08,-1.10E-07,4.75E-07,3.65E-05,2.48E-06,3.44E-06,0,1.36E-05,1.13E-05,0.271424627,0.104562993,0.023035364,0.099203058,0.195944825,8.570995834,9.10E-06,0.000592913,0.000633337,6.81E-05,5.05E-05,-3.68E-05,0.009848627,7.02E-06,0.000271319,0.000533222,0.002917238,0.002857553,76.97212448,0.022208801,0.014048486,0.014176261,0.01514317,0.013618736,0.060043405,0.00029442,12.07717442,12.11673558,0.012255144,0.013627824,0.010902062,0.000215367,0.001463229,-2.87E-05,-4.02E-05,0.000173323,0.013327821,0.000904019,0.001257387,0,0.004982794,0.004126362,99.13784503,38.19163326,8.413666562,36.23391694,71.56884749,3130.556228,0.00332336,0.216561372,0.231326472,0.024874562,0.018457881,-0.013443442,3.597211131,0.002564592,0.099099155,0.194759219,1.065521293,1.043721329,0.154574026,0.282618147,0.251391956,0.235720943,0.327860763,0.653160948,0.231076268,0.254111223
2018,47_1000,21,IN2019_V02,17/2/2019,6/3/2019,25/2/2019,17,55.5,90.44819138,2,S25,SAZ_2018_47S_1000m_Cup21,1373.52,2.05,1.29,1.29,0.8,0.72,6.15,0.03,1193.59,1221.11,1.23,1.43,1.05,0.02,0.16,-0.01,0,0.01,1.24,0.09,0.12,0,0.35,0.29,0,2045.99,2329.6,799.76,1645.02,3520.01,275657.91,0.27,20.98,22.22,3.28,1.62,2.62,325.35,0.33,12.06,21.47,60.83,60.2,0.063486635,9.47E-05,5.98E-05,5.98E-05,3.72E-05,3.35E-05,0.000284379,1.49E-06,0.05516995,0.056441754,5.67E-05,6.59E-05,4.85E-05,1.10E-06,7.56E-06,-2.72E-07,-2.10E-07,5.14E-07,5.72E-05,4.16E-06,5.67E-06,0,1.62E-05,1.35E-05,0.094569445,0.107678463,0.036966438,0.07603589,0.162701537,12.74141835,1.25E-05,0.000969939,0.001027153,0.000151587,7.49E-05,0.000120925,0.015038147,1.54E-05,0.000557431,0.000992216,0.002811807,0.002782514,23.18849341,0.034572499,0.021840393,0.021848474,0.013575081,0.01221865,0.103869367,0.00054347,20.15082411,20.61535075,0.020699965,0.02407969,0.017721847,0.000401606,0.002762373,-9.93E-05,-7.66E-05,0.000187656,0.020886851,0.00151876,0.002071779,0,0.005907943,0.004934073,34.54148985,39.32955857,13.50199151,27.77210885,59.42673627,4653.803051,0.004561327,0.354270184,0.375167682,0.055367126,0.027369243,0.044167947,5.492683332,0.005638006,0.203601716,0.362406973,1.027012457,1.016313393,0.25286582,0.453536849,0.383857481,0.396013125,0.540211719,0.803880262,0.371568319,0.407617967